IndicatorCode,Indicators,Outcomes,OutcomeNo,Substrand,SubstrandNo,StrandNo and Strand
331,1- ޞިއްޙީ ޚިދުމަތް ފޯރުކޮށްދިނުމަށް މުވައްޒަފަކު ހަމަޖައްސާފައި ވޭ,ޞިއްޙީ ޚިދުމަތްތައް ފޯރުކޮށްދިނުމުގެ މަސްއޫލިއްޔަތު ހަވާލުކުރުން,3.1.1.1,ޞިއްޙީ ޚިދުމަތް ފޯރުކޮށްދިނުން,3.1.1,ފެންވަރު 3.1: ޞިއްޙީ ވަސީލަތްތަކާއި ޚިދުމަތްތައް
332,2- ވަޒީފާ ބަޔާނުގައި ސޮއިކުރުވާފައި ވޭ,ޞިއްޙީ ޚިދުމަތްތައް ފޯރުކޮށްދިނުމުގެ މަސްއޫލިއްޔަތު ހަވާލުކުރުން,3.1.1.1,ޞިއްޙީ ޚިދުމަތް ފޯރުކޮށްދިނުން,3.1.1,ފެންވަރު 3.1: ޞިއްޙީ ވަސީލަތްތަކާއި ޚިދުމަތްތައް
333,3- ތަމްރީނުވެފައިވާހެލްތު އެސިސްޓެންޓެއް ކޮންމެ ދަންފަޅިއަކަށް ހުރޭ,ޞިއްޙީ ޚިދުމަތްތައް ފޯރުކޮށްދިނުމުގެ މަސްއޫލިއްޔަތު ހަވާލުކުރުން,3.1.1.1,ޞިއްޙީ ޚިދުމަތް ފޯރުކޮށްދިނުން,3.1.1,ފެންވަރު 3.1: ޞިއްޙީ ވަސީލަތްތަކާއި ޚިދުމަތްތައް
334,1- އަހަރީހެލްތު ޕްލޭން ތައްޔާރުކޮށްފައި ވޭ,ހެލްތް އެސިސްޓެންޓުގެ މަސްއޫލިއްޔަތު އަދާކުރުން,3.1.1.2,ޞިއްޙީ ޚިދުމަތް ފޯރުކޮށްދިނުން,3.1.1,ފެންވަރު 3.1: ޞިއްޙީ ވަސީލަތްތަކާއި ޚިދުމަތްތައް
335,2-ހެލްތު ޕްލޭން ތަންފީޒުކުރޭ,ހެލްތް އެސިސްޓެންޓުގެ މަސްއޫލިއްޔަތު އަދާކުރުން,3.1.1.2,ޞިއްޙީ ޚިދުމަތް ފޯރުކޮށްދިނުން,3.1.1,ފެންވަރު 3.1: ޞިއްޙީ ވަސީލަތްތަކާއި ޚިދުމަތްތައް
336,3-ހެލްތު އެސިސްޓެންޓް ކުރާ މަސައްކަތުގެ ރެކޯޑުތައް ބަލަހައްޓާ,ހެލްތް އެސިސްޓެންޓުގެ މަސްއޫލިއްޔަތު އަދާކުރުން,3.1.1.2,ޞިއްޙީ ޚިދުމަތް ފޯރުކޮށްދިނުން,3.1.1,ފެންވަރު 3.1: ޞިއްޙީ ވަސީލަތްތަކާއި ޚިދުމަތްތައް
337,1- މުވައްޒަފުން އަހުލުވެރިކޮށްފައި ވޭ,ސްކޫލް  ހިއްސާވާ ފަރާތްތައް، ސްކޫލް ހެލްތު ޕޮލިސީއަށް އަހުލުވެރިކުރުވުން,3.1.1.3,ޞިއްޙީ ޚިދުމަތް ފޯރުކޮށްދިނުން,3.1.1,ފެންވަރު 3.1: ޞިއްޙީ ވަސީލަތްތަކާއި ޚިދުމަތްތައް
338,2-  ދަރިވަރުން އަހުލުވެރިކޮށްފައި ވޭ,ސްކޫލް  ހިއްސާވާ ފަރާތްތައް، ސްކޫލް ހެލްތު ޕޮލިސީއަށް އަހުލުވެރިކުރުވުން,3.1.1.3,ޞިއްޙީ ޚިދުމަތް ފޯރުކޮށްދިނުން,3.1.1,ފެންވަރު 3.1: ޞިއްޙީ ވަސީލަތްތަކާއި ޚިދުމަތްތައް
339,3- ބެލެނިވެރިން އަހުލުވެރިކޮށްފައި ވޭ,ސްކޫލް  ހިއްސާވާ ފަރާތްތައް، ސްކޫލް ހެލްތު ޕޮލިސީއަށް އަހުލުވެރިކުރުވުން,3.1.1.3,ޞިއްޙީ ޚިދުމަތް ފޯރުކޮށްދިނުން,3.1.1,ފެންވަރު 3.1: ޞިއްޙީ ވަސީލަތްތަކާއި ޚިދުމަތްތައް
340,1- ޞިއްޙީ ޚިދުމަތް ދިނުމަށް ބޭނުންވާ އަސާސީ ތަކެތި ހަމައަށް ހުރޭ,ފުރަތަމަ އެހީ ދިނުމަށް ބޭނުންވާ އިންތިޒާމު ހަމަޖެއްސުން,3.1.1.4,ޞިއްޙީ ޚިދުމަތް ފޯރުކޮށްދިނުން,3.1.1,ފެންވަރު 3.1: ޞިއްޙީ ވަސީލަތްތަކާއި ޚިދުމަތްތައް
341,2- ޞިއްޙީ ޚިދުމަތް ދިނުމަށް ތަނެއް ހަމަޖައްސާފައި ވޭ,ފުރަތަމަ އެހީ ދިނުމަށް ބޭނުންވާ އިންތިޒާމު ހަމަޖެއްސުން,3.1.1.4,ޞިއްޙީ ޚިދުމަތް ފޯރުކޮށްދިނުން,3.1.1,ފެންވަރު 3.1: ޞިއްޙީ ވަސީލަތްތަކާއި ޚިދުމަތްތައް
342,3- ބޭނުންކުރެވޭ ހާލަތުގައި ތަކެތި ހުރޭ,ފުރަތަމަ އެހީ ދިނުމަށް ބޭނުންވާ އިންތިޒާމު ހަމަޖެއްސުން,3.1.1.4,ޞިއްޙީ ޚިދުމަތް ފޯރުކޮށްދިނުން,3.1.1,ފެންވަރު 3.1: ޞިއްޙީ ވަސީލަތްތަކާއި ޚިދުމަތްތައް
343,1- ދަރިވަރުންނަށް ޕްރޮގްރާމް ހިންގާ,ޞިއްޙީ ކަންކަމާ ގުޅޭ ގޮތުން ހޭލުންތެރިކުރުމަށް  ޕްރޮގްރާމް ހިންގުން,3.1.1.5,ޞިއްޙީ ޚިދުމަތް ފޯރުކޮށްދިނުން,3.1.1,ފެންވަރު 3.1: ޞިއްޙީ ވަސީލަތްތަކާއި ޚިދުމަތްތައް
344,2- ބެލެނިވެރިން ޕްރޮގްރާމް ހިންގާ,ޞިއްޙީ ކަންކަމާ ގުޅޭ ގޮތުން ހޭލުންތެރިކުރުމަށް  ޕްރޮގްރާމް ހިންގުން,3.1.1.5,ޞިއްޙީ ޚިދުމަތް ފޯރުކޮށްދިނުން,3.1.1,ފެންވަރު 3.1: ޞިއްޙީ ވަސީލަތްތަކާއި ޚިދުމަތްތައް
345,3- މުވައްޒަފުން ޕްރޮގްރާމް ހިންގާ,ޞިއްޙީ ކަންކަމާ ގުޅޭ ގޮތުން ހޭލުންތެރިކުރުމަށް  ޕްރޮގްރާމް ހިންގުން,3.1.1.5,ޞިއްޙީ ޚިދުމަތް ފޯރުކޮށްދިނުން,3.1.1,ފެންވަރު 3.1: ޞިއްޙީ ވަސީލަތްތަކާއި ޚިދުމަތްތައް
346,1- ކައުންސެލިން/ގައިޑެންސް ދިނުމަށް  މުވައްޒަފަކު ހަމަޖައްސާފައި ވޭ,ކައުންސެލިން/ގައިޑެންސް ދިނުމަށް މުވައްޒަފަކު ހަމަޖެއްސުން,3.1.2.1,ކައުންސެލިން/ގައިޑެންސް ދިނުން,3.1.2,ފެންވަރު 3.2: ރައްކާތެރި މާހައުލު
347,2- ތަމްރީނުވެފައިވާ ކައުންސެލަރެއް ހުރޭ,ކައުންސެލިން/ގައިޑެންސް ދިނުމަށް މުވައްޒަފަކު ހަމަޖެއްސުން,3.1.2.1,ކައުންސެލިން/ގައިޑެންސް ދިނުން,3.1.2,ފެންވަރު 3.2: ރައްކާތެރި މާހައުލު
348,3- ވަޒީފާ ބަޔާނުގައި ސޮއިކުރުވާފައި ވޭ,ކައުންސެލިން/ގައިޑެންސް ދިނުމަށް މުވައްޒަފަކު ހަމަޖެއްސުން,3.1.2.1,ކައުންސެލިން/ގައިޑެންސް ދިނުން,3.1.2,ފެންވަރު 3.2: ރައްކާތެރި މާހައުލު
349,1- ކައުންސެލިން/ގައިޑެންސް ދިނުމަށް ތަނެއް ހަމަޖައްސާފައި ވޭ,ކައުންސެލިން/ގައިޑެންސް ދިނުމަށް ބޭނުންވާ ވަޞީލަތްތައް ޤާއިމުކުރުން,3.1.2.2,ކައުންސެލިން/ގައިޑެންސް ދިނުން,3.1.2,ފެންވަރު 3.2: ރައްކާތެރި މާހައުލު
350,2- ސިއްރު ހިފެހެއްޓޭނެ އިންތިޒާމު ހަމަޖައްސާފައި ވޭ,ކައުންސެލިން/ގައިޑެންސް ދިނުމަށް ބޭނުންވާ ވަޞީލަތްތައް ޤާއިމުކުރުން,3.1.2.2,ކައުންސެލިން/ގައިޑެންސް ދިނުން,3.1.2,ފެންވަރު 3.2: ރައްކާތެރި މާހައުލު
351,3- ރައްކާތެރިކަމާ އެކު ލިޔެކިއުންތައް ބެލެހެއްޓޭނެ އިންތިޒާމު ހަމަޖައްސާފައި ވޭ,ކައުންސެލިން/ގައިޑެންސް ދިނުމަށް ބޭނުންވާ ވަޞީލަތްތައް ޤާއިމުކުރުން,3.1.2.2,ކައުންސެލިން/ގައިޑެންސް ދިނުން,3.1.2,ފެންވަރު 3.2: ރައްކާތެރި މާހައުލު
352,1- ކައުންސެލިން/ގައިޑެންސް ބޭނުންވާ ދަރިވަރުންނަށް ޚިދުމަތް ފޯރުކޮށްދޭ,ކައުންސެލާގެ މަސްއޫލިއްޔަތު އަދާކުރުން,3.1.2.3,ކައުންސެލިން/ގައިޑެންސް ދިނުން,3.1.2,ފެންވަރު 3.2: ރައްކާތެރި މާހައުލު
353,2- ކައުންސެލިން/ގައިޑެންސް ފޯރުކޮށްދޭ ދަރިވަރުންގެ މަޢުލޫމާތު އެފަދަ ދަރިވަރުންގެ ބެލެނިވެރިންނަށް ފޯރުކޮށްދޭ,ކައުންސެލާގެ މަސްއޫލިއްޔަތު އަދާކުރުން,3.1.2.3,ކައުންސެލިން/ގައިޑެންސް ދިނުން,3.1.2,ފެންވަރު 3.2: ރައްކާތެރި މާހައުލު
354,3- ކައުންސެލިން/ގައިޑެންސާ ގުޅޭ ލިޔެކިޔުންތައް ރައްކައުތެރިކަމާއެކު ބަލަހައްޓާ,ކައުންސެލާގެ މަސްއޫލިއްޔަތު އަދާކުރުން,3.1.2.3,ކައުންސެލިން/ގައިޑެންސް ދިނުން,3.1.2,ފެންވަރު 3.2: ރައްކާތެރި މާހައުލު
356,1- އިމާރާތްތަަކަކީ ދަރިވަރުންނާއި މުވައްޒަފުންނަށް ރައްކާތެރި ތަންތަންކަން ކަށަވަރުކުރޭ,އިމާރާތްތަކުގެ ރައްކާތެރިކަން ކަށަވަރުކުރުން,3.2.1.1,ރައްކާތެރި މާހައުލެއް ޤާއިމުކުރުން,3.2.1,ފެންވަރު 3.2: ރައްކާތެރި މާހައުލު
357,2- މުއްދަތު ހަމަނުވާ އަލިފާންނިވި ހަރުކޮށްފައި ވޭ,އިމާރާތްތަކުގެ ރައްކާތެރިކަން ކަށަވަރުކުރުން,3.2.1.1,ރައްކާތެރި މާހައުލެއް ޤާއިމުކުރުން,3.2.1,ފެންވަރު 3.2: ރައްކާތެރި މާހައުލު
358,3- ސެކިއުރިޓީ ބެލެހެއްޓޭނެ އިންތިޒާމު ހަމަޖައްސާފައި ވޭ,އިމާރާތްތަކުގެ ރައްކާތެރިކަން ކަށަވަރުކުރުން,3.2.1.1,ރައްކާތެރި މާހައުލެއް ޤާއިމުކުރުން,3.2.1,ފެންވަރު 3.2: ރައްކާތެރި މާހައުލު
359,1- މަދިރި ފަދަ ސޫފާސޫފިތަކުން ސްކޫލް މާހައުލު ރައްކައުތެރިކުރޭ,ސްކޫލް ގޯތިތެރޭގެ ރައްކައުތެރިކަން ކަށަވަރުކުރުން ,3.2.1.2,ރައްކާތެރި މާހައުލެއް ޤާއިމުކުރުން,3.2.1,ފެންވަރު 3.2: ރައްކާތެރި މާހައުލު
360,2- ހިނގާބިނގާވެ އުޅުމަށް ރައްކައުތެރި ގޮތަށް ސްކޫލް ގޯތިތެރެ ތައްޔާރުކޮށްފައި ވޭ ,ސްކޫލް ގޯތިތެރޭގެ ރައްކައުތެރިކަން ކަށަވަރުކުރުން ,3.2.1.2,ރައްކާތެރި މާހައުލެއް ޤާއިމުކުރުން,3.2.1,ފެންވަރު 3.2: ރައްކާތެރި މާހައުލު
361,3- ކުޅިވަރުކުޅުމަށް ކަނޑައަޅައިފައިވާ ސަރަހައްދަކީ ދަރިވަރުންނަށް ރައްކައުތެރި ތަނެއްކަން ކަށަވަރުކުރޭ,ސްކޫލް ގޯތިތެރޭގެ ރައްކައުތެރިކަން ކަށަވަރުކުރުން ,3.2.1.2,ރައްކާތެރި މާހައުލެއް ޤާއިމުކުރުން,3.2.1,ފެންވަރު 3.2: ރައްކާތެރި މާހައުލު
362,1- އައުޓްޑޯ އޭރިއާގައިވާ ތަކެއްޗަކީ ރައްކައުތެރި ތަކެތިކަން ކަށަވަރުކުރޭ,ފައުންޑޭޝަން ދަރިވަރުންގެ އައުޓްޑޯ އޭރިއާގެ ރައްކައުތެރިކަން ކަށަވަރުކުރުން ,3.2.1.3,ރައްކާތެރި މާހައުލެއް ޤާއިމުކުރުން,3.2.1,ފެންވަރު 3.2: ރައްކާތެރި މާހައުލު
363,2- އައުޓްޑޯ އޭރިއާ މަރާމާތުކޮށް ބަލަހައްޓާ,ފައުންޑޭޝަން ދަރިވަރުންގެ އައުޓްޑޯ އޭރިއާގެ ރައްކައުތެރިކަން ކަށަވަރުކުރުން ,3.2.1.3,ރައްކާތެރި މާހައުލެއް ޤާއިމުކުރުން,3.2.1,ފެންވަރު 3.2: ރައްކާތެރި މާހައުލު
364,3- އައުޓްޑޯ އޭރިއާ ސާފުތާހިރުކޮށް ބަލަހައްޓާ,ފައުންޑޭޝަން ދަރިވަރުންގެ އައުޓްޑޯ އޭރިއާގެ ރައްކައުތެރިކަން ކަށަވަރުކުރުން ,3.2.1.3,ރައްކާތެރި މާހައުލެއް ޤާއިމުކުރުން,3.2.1,ފެންވަރު 3.2: ރައްކާތެރި މާހައުލު
365,1- ކްލާހުގައި ހުންނަނީ ދަރިވަރުންގެ އުމުރާ ގުޅޭ ފަރުނީޗަރުކަން ކަށަވަރުކުރޭ ,ފައުންޑޭޝަން ކްލާސްރޫމްތަކުގެ ރައްކައުތެރިކަން ކަށަވަރުކުރުން,3.2.1.4,ރައްކާތެރި މާހައުލެއް ޤާއިމުކުރުން,3.2.1,ފެންވަރު 3.2: ރައްކާތެރި މާހައުލު
366,2- ދަރވަރުންނަށް ހެލިފެލިވެ އުޅުމަށް ދަތިނުވާ ގޮތަށް ފަރުނީޗަރު އަތުރައިފައި ހުރޭ,ފައުންޑޭޝަން ކްލާސްރޫމްތަކުގެ ރައްކައުތެރިކަން ކަށަވަރުކުރުން,3.2.1.4,ރައްކާތެރި މާހައުލެއް ޤާއިމުކުރުން,3.2.1,ފެންވަރު 3.2: ރައްކާތެރި މާހައުލު
367,3- ކޯނަރތަކުގައި ހުންނަ އެންމެހައި ތަކެއްޗަކީ ދަރިވަރުންނަށް ރައްކާތެރި ތަކެތިކަން ކަށަވަރުކުރޭ ,ފައުންޑޭޝަން ކްލާސްރޫމްތަކުގެ ރައްކައުތެރިކަން ކަށަވަރުކުރުން,3.2.1.4,ރައްކާތެރި މާހައުލެއް ޤާއިމުކުރުން,3.2.1,ފެންވަރު 3.2: ރައްކާތެރި މާހައުލު
368,1- ބޭރުން އެތެރެ ފެންނަ ގޮތަށް ކްލާސްރޫމުތައް ހުރޭ,ކިޔަވައިދިނުމަށް ބޭނުންކުރާ ތަންތަނަކީ ދަރިވަރުންނާއި މުވައްޒަފުންނަށް ރައްކައުތެރި ތަންތަންކަން ކަށަވަރުކުރުން,3.2.1.5,ރައްކާތެރި މާހައުލެއް ޤާއިމުކުރުން,3.2.1,ފެންވަރު 3.2: ރައްކާތެރި މާހައުލު
369,2- ދަރިވަރުންނަށް ފަސޭހަވާ ގޮތަށް ކުލާސްރޫމުގައި އަލިކަން ހުރޭ,ކިޔަވައިދިނުމަށް ބޭނުންކުރާ ތަންތަނަކީ ދަރިވަރުންނާއި މުވައްޒަފުންނަށް ރައްކައުތެރި ތަންތަންކަން ކަށަވަރުކުރުން,3.2.1.5,ރައްކާތެރި މާހައުލެއް ޤާއިމުކުރުން,3.2.1,ފެންވަރު 3.2: ރައްކާތެރި މާހައުލު
370,3- ދަރިވަރުންނަށް ރައްކައުތެރި ގޮތަށް ކަރަންޓް ސޮކެޓު ފަދަ ތަކެތި ހަރުުކޮށްފައި ވޭ ,ކިޔަވައިދިނުމަށް ބޭނުންކުރާ ތަންތަނަކީ ދަރިވަރުންނާއި މުވައްޒަފުންނަށް ރައްކައުތެރި ތަންތަންކަން ކަށަވަރުކުރުން,3.2.1.5,ރައްކާތެރި މާހައުލެއް ޤާއިމުކުރުން,3.2.1,ފެންވަރު 3.2: ރައްކާތެރި މާހައުލު
371,1- ކިޔަވައިދިނުމަށް ބޭނުންކުރާ ތަންތަނުގެ ފާރުތައް އަދި ސީލިންގ ފަދަ ތަންތަން ސާފުކުރޭ,ކިޔަވައިދިނުމަށް ބޭނުންކުރާ ތަންތަން ސާފުތާހިރުކޮށް ބެލެހެއްޓުން,3.2.1.6,ރައްކާތެރި މާހައުލެއް ޤާއިމުކުރުން,3.2.1,ފެންވަރު 3.2: ރައްކާތެރި މާހައުލު
372,2- ކިޔަވައިދިނުމަށް ބޭނުންކުރާ ތަންތަނުގައި ޑަސްބިން ބަހައްޓައިފައި ވޭ,ކިޔަވައިދިނުމަށް ބޭނުންކުރާ ތަންތަން ސާފުތާހިރުކޮށް ބެލެހެއްޓުން,3.2.1.6,ރައްކާތެރި މާހައުލެއް ޤާއިމުކުރުން,3.2.1,ފެންވަރު 3.2: ރައްކާތެރި މާހައުލު
373,3- ކިޔަވައިދިނުމަށް ބޭނުންކުރާ ތަންތަނުގެ ފަރުނީޗަރާއި ފޮތްތައް ފަދަ ތަކެތި ތަރުތީބުން އަތުރައިފައި ވޭ,ކިޔަވައިދިނުމަށް ބޭނުންކުރާ ތަންތަން ސާފުތާހިރުކޮށް ބެލެހެއްޓުން,3.2.1.6,ރައްކާތެރި މާހައުލެއް ޤާއިމުކުރުން,3.2.1,ފެންވަރު 3.2: ރައްކާތެރި މާހައުލު
374,1- ސްކޫލް ގޯތިތެރެ ކުނިކަހައި ސާފުކުރޭ,ސްކޫލް ގޯތިތެރެ ސާފުތާހިރުކޮށް ބެލެހެއްޓުން,3.2.1.7,ރައްކާތެރި މާހައުލެއް ޤާއިމުކުރުން,3.2.1,ފެންވަރު 3.2: ރައްކާތެރި މާހައުލު
375,2- ގޯތިތެރޭގައި ޑަސްބިން ބަހައްޓައިފައި ވޭ,ސްކޫލް ގޯތިތެރެ ސާފުތާހިރުކޮށް ބެލެހެއްޓުން,3.2.1.7,ރައްކާތެރި މާހައުލެއް ޤާއިމުކުރުން,3.2.1,ފެންވަރު 3.2: ރައްކާތެރި މާހައުލު
376,3- ރައްކާތެރިކަމާއެކު ކުނި ނައްތާލެވޭނެ އިންތިޒާމު ހަމަޖައްސައިފައި ވޭ,ސްކޫލް ގޯތިތެރެ ސާފުތާހިރުކޮށް ބެލެހެއްޓުން,3.2.1.7,ރައްކާތެރި މާހައުލެއް ޤާއިމުކުރުން,3.2.1,ފެންވަރު 3.2: ރައްކާތެރި މާހައުލު
377,1- އެސް އީ އޯ ޕީ ތައްޔާރުކޮށްފައި ވޭ,އެސް އީ އޯ ޕީ ތައްޔާރުކޮށް އަހުލުވެރިކުރުން   ,3.2.1.8,ރައްކާތެރި މާހައުލެއް ޤާއިމުކުރުން,3.2.1,ފެންވަރު 3.2: ރައްކާތެރި މާހައުލު
378,2- ސްކޫލް ހިއްސާވާ ފަރާތްތައް އަހުލުވެރިކުރުވާ,އެސް އީ އޯ ޕީ ތައްޔާރުކޮށް އަހުލުވެރިކުރުން   ,3.2.1.8,ރައްކާތެރި މާހައުލެއް ޤާއިމުކުރުން,3.2.1,ފެންވަރު 3.2: ރައްކާތެރި މާހައުލު
379,3- އެސް އީ އޯ ޕީގައި ބަޔާންކޮށްފައިވާ ގޮތަށް ޑްރިލް ބާއްވާ,އެސް އީ އޯ ޕީ ތައްޔާރުކޮށް އަހުލުވެރިކުރުން   ,3.2.1.8,ރައްކާތެރި މާހައުލެއް ޤާއިމުކުރުން,3.2.1,ފެންވަރު 3.2: ރައްކާތެރި މާހައުލު
380,1- މުދައްރިސުން ހޭލުންތެރިކުރުވުމަށް ޕްރޮގްރާމް ހިންގާ,އިންޓަނެޓާއި މީސް މީޑިއާ ބޭނުންކުރުމުގައި ދަރިވަރުންގެ ރައްކާތެރިކަން ކަށަވަރުކުރުން,3.2.1.9,ރައްކާތެރި މާހައުލެއް ޤާއިމުކުރުން,3.2.1,ފެންވަރު 3.2: ރައްކާތެރި މާހައުލު
381,2- ޑިޓިޓަލް ވަޞީލަތްތައް ބޭނުންކުރާ ގޮތް މޮނިޓަރކުރަމުން ގެންދޭ ,އިންޓަނެޓާއި މީސް މީޑިއާ ބޭނުންކުރުމުގައި ދަރިވަރުންގެ ރައްކާތެރިކަން ކަށަވަރުކުރުން,3.2.1.9,ރައްކާތެރި މާހައުލެއް ޤާއިމުކުރުން,3.2.1,ފެންވަރު 3.2: ރައްކާތެރި މާހައުލު
382,3- އިންޓަނެޓާއި މީސް މީޑިއާ ރައްކާތެރިކަމާއެކު ބޭނުންކުރެވޭނެ ގޮތްތަކާ ގުޅޭ ގޮތުން ބެލެނިވެރިން އަހުލުވެރިކުރޭ,އިންޓަނެޓާއި މީސް މީޑިއާ ބޭނުންކުރުމުގައި ދަރިވަރުންގެ ރައްކާތެރިކަން ކަށަވަރުކުރުން,3.2.1.9,ރައްކާތެރި މާހައުލެއް ޤާއިމުކުރުން,3.2.1,ފެންވަރު 3.2: ރައްކާތެރި މާހައުލު
734,1- ދަރިވަރުންގެ އަޚުލާޤާ މެދު ދަރިވަރުން އަމިއްލައަށް ދެކޭ ގޮތް,ދަރިވަރުންގެ އަޚްލާގާ މެދު ސްކޫލު ހިއްސާވާފަރާތްތައް ދެކޭ ގޮތް,3.2.1.10,ރައްކާތެރި މާހައުލެއް ޤާއިމުކުރުން,3.2.1,ފެންވަރު 3.2: ރައްކާތެރި މާހައުލު
735,2- ދަރިވަރުންގެ އަޚުލާޤާ މެދު މުދައްރިސުން ދެކޭ ގޮތް,ދަރިވަރުންގެ އަޚްލާގާ މެދު ސްކޫލު ހިއްސާވާފަރާތްތައް ދެކޭ ގޮތް,3.2.1.10,ރައްކާތެރި މާހައުލެއް ޤާއިމުކުރުން,3.2.1,ފެންވަރު 3.2: ރައްކާތެރި މާހައުލު
736,3- ދަރިވަރުންގެ އަޚުލާޤާ މެދު ބެލެނިވެރިން ދެކޭ ގޮތް,ދަރިވަރުންގެ އަޚްލާގާ މެދު ސްކޫލު ހިއްސާވާފަރާތްތައް ދެކޭ ގޮތް,3.2.1.10,ރައްކާތެރި މާހައުލެއް ޤާއިމުކުރުން,3.2.1,ފެންވަރު 3.2: ރައްކާތެރި މާހައުލު
737,1- ޕްރިންސިޕަލް އޯގާތެރިކަމާ އެކު ދަރިވަރުންނާ މުއާމަލާތުކުރޭ,މުވައްޒަފުން ދަރިވަރުންނާ މުއާމަލާތުކުރުން,3.2.1.11,ރައްކާތެރި މާހައުލެއް ޤާއިމުކުރުން,3.2.1,ފެންވަރު 3.2: ރައްކާތެރި މާހައުލު
738,2- ޑެޕިއުޓީ ޕްރިންސިޕަލް އޯގާތެރިކަމާ އެކު ދަރިވަރުންނާ މުއާމަލާތުކުރޭ,މުވައްޒަފުން ދަރިވަރުންނާ މުއާމަލާތުކުރުން,3.2.1.11,ރައްކާތެރި މާހައުލެއް ޤާއިމުކުރުން,3.2.1,ފެންވަރު 3.2: ރައްކާތެރި މާހައުލު
739,3- ލީޑިން ޓީޗަރުން އޯގާތެރިކަމާ އެކު ދަރިވަރުންނާ މުއާމަލާތުކުރޭ,މުވައްޒަފުން ދަރިވަރުންނާ މުއާމަލާތުކުރުން,3.2.1.11,ރައްކާތެރި މާހައުލެއް ޤާއިމުކުރުން,3.2.1,ފެންވަރު 3.2: ރައްކާތެރި މާހައުލު
740,4- މުދައްރިސުން އޯގާތެރިކަމާ އެކު ދަރިވަރުންނާ މުއާމަލާތުކުރޭ,މުވައްޒަފުން ދަރިވަރުންނާ މުއާމަލާތުކުރުން,3.2.1.11,ރައްކާތެރި މާހައުލެއް ޤާއިމުކުރުން,3.2.1,ފެންވަރު 3.2: ރައްކާތެރި މާހައުލު
741,5- ސަޕޯޓް ސްޓާފުން އޯގާތެރިކަމާ އެކު ދަރިވަރުންނާ މުއާމަލާތުކުރޭ,މުވައްޒަފުން ދަރިވަރުންނާ މުއާމަލާތުކުރުން,3.2.1.11,ރައްކާތެރި މާހައުލެއް ޤާއިމުކުރުން,3.2.1,ފެންވަރު 3.2: ރައްކާތެރި މާހައުލު
742,6- އެހެނިހެން މުވައްޒަފުން އޯގާތެރިކަމާ އެކު ދަރިވަރުންނާ މުއާމަލާތުކުރޭ,މުވައްޒަފުން ދަރިވަރުންނާ މުއާމަލާތުކުރުން,3.2.1.11,ރައްކާތެރި މާހައުލެއް ޤާއިމުކުރުން,3.2.1,ފެންވަރު 3.2: ރައްކާތެރި މާހައުލު
384,1-ހެލްތު ސްކްރީނިންގ ހަދަންޖެހޭ ދަރިވަރުންގެ ހެލްތު ސްކްރީން ހަދާ,ހެލްތް ސްކްރީނިންގ ހެދުން,3.3.1.1,ދަރިވަރުންގެ ދުޅަހެޔޮކަން ކަށަވަރުކުރުން,3.3.1,ފެންވަރު 3.3: ހަށިގަނޑުގެ ދުޅަހެޔޮކަމާއި ފައިދާހުރި ކާނާ 
385,2-ހެލްތު ސްކްރީނިންގއިން ލިބޭ މަޢުލޫމާތުގެ އަލީގައި ބެލެނިވެރިން އަހުލުވެރިކުރުވުމަށް ސެޝަން/ޕްރޮގްރާމު ހިންގާ,ހެލްތް ސްކްރީނިންގ ހެދުން,3.3.1.1,ދަރިވަރުންގެ ދުޅަހެޔޮކަން ކަށަވަރުކުރުން,3.3.1,ފެންވަރު 3.3: ހަށިގަނޑުގެ ދުޅަހެޔޮކަމާއި ފައިދާހުރި ކާނާ 
386,3- ބޮޑީމާސް އިންޑެކްސް ބަލައި، ބޮޑީމާސް އިންޑެކްސްގެ މައްޗަށް ބިނާކޮށް ބެލެނިވެރިންނަށް އިރުޝާދު ދޭ,ހެލްތް ސްކްރީނިންގ ހެދުން,3.3.1.1,ދަރިވަރުންގެ ދުޅަހެޔޮކަން ކަށަވަރުކުރުން,3.3.1,ފެންވަރު 3.3: ހަށިގަނޑުގެ ދުޅަހެޔޮކަމާއި ފައިދާހުރި ކާނާ 
387,1- ދަރިވަރުންނަށް މަޢުލޫމާތު ދޭ,ޞިއްޙީގޮތުން ފައިދާހުރި ކާނާގެ މަޢުލޫމާތު ދިނުން,3.3.1.2,ދަރިވަރުންގެ ދުޅަހެޔޮކަން ކަށަވަރުކުރުން,3.3.1,ފެންވަރު 3.3: ހަށިގަނޑުގެ ދުޅަހެޔޮކަމާއި ފައިދާހުރި ކާނާ 
388,2- މުވައްޒަފުންނަށް މަޢުލޫމާތު  ދޭ,ޞިއްޙީގޮތުން ފައިދާހުރި ކާނާގެ މަޢުލޫމާތު ދިނުން,3.3.1.2,ދަރިވަރުންގެ ދުޅަހެޔޮކަން ކަށަވަރުކުރުން,3.3.1,ފެންވަރު 3.3: ހަށިގަނޑުގެ ދުޅަހެޔޮކަމާއި ފައިދާހުރި ކާނާ 
389,3- ބެލެނިވެރިންނަށް މަޢުލޫމާތު ދޭ,ޞިއްޙީގޮތުން ފައިދާހުރި ކާނާގެ މަޢުލޫމާތު ދިނުން,3.3.1.2,ދަރިވަރުންގެ ދުޅަހެޔޮކަން ކަށަވަރުކުރުން,3.3.1,ފެންވަރު 3.3: ހަށިގަނޑުގެ ދުޅަހެޔޮކަމާއި ފައިދާހުރި ކާނާ 
391,1- ރައްކައުތެރި ބޯފެން ލިބެން ހުރޭ,ރައްކާތެރި ބޯފެން ފޯރުކޮށްދިނުން,3.4.1.1,ފެނާއި ފާޚާނާގެ ނިޒާމު ޤާއިމުކުރުން,3.4.1,ފެންވަރު 3.4: ވޯޓަރ، ސެނިޓޭޝަން އެންޑް ހައިޖިން (ވޮޝް) 
392,2- ފަސޭހައިން ބޯފެން ލިބޭނެ އިންތިޒާމު ހަމަޖައްސައިފައި ވޭ,ރައްކާތެރި ބޯފެން ފޯރުކޮށްދިނުން,3.4.1.1,ފެނާއި ފާޚާނާގެ ނިޒާމު ޤާއިމުކުރުން,3.4.1,ފެންވަރު 3.4: ވޯޓަރ، ސެނިޓޭޝަން އެންޑް ހައިޖިން (ވޮޝް) 
393,3-  ބޯފެނުގެ ރައްކައުތެރިކަން ކަށަވަރުކުރޭ,ރައްކާތެރި ބޯފެން ފޯރުކޮށްދިނުން,3.4.1.1,ފެނާއި ފާޚާނާގެ ނިޒާމު ޤާއިމުކުރުން,3.4.1,ފެންވަރު 3.4: ވޯޓަރ، ސެނިޓޭޝަން އެންޑް ހައިޖިން (ވޮޝް) 
394,"1- ދަރިވަރުންނަށް ބޭނުންވާ އަދަދަށް (ދެ ޖިންސަށް ވަކިން) ފާޚާނާ ހުރޭ

",ފާޚާނާ ހުރުން ,3.4.1.2,ފެނާއި ފާޚާނާގެ ނިޒާމު ޤާއިމުކުރުން,3.4.1,ފެންވަރު 3.4: ވޯޓަރ، ސެނިޓޭޝަން އެންޑް ހައިޖިން (ވޮޝް) 
395,"2- މުވައްޒަފުންނަށް ބޭނުންވާ އަދަދަށް (ދެ ޖިންސަށް ވަކިން) ފާޚާނާ ހުރޭ

",ފާޚާނާ ހުރުން ,3.4.1.2,ފެނާއި ފާޚާނާގެ ނިޒާމު ޤާއިމުކުރުން,3.4.1,ފެންވަރު 3.4: ވޯޓަރ، ސެނިޓޭޝަން އެންޑް ހައިޖިން (ވޮޝް) 
396,3- ފައުންޑޭޝަން އަދި ގުރޭޑް 1ގެ ދަރިވަރުންގެ އުމުރާ ގުޅޭ ފާޚާނާ ހުރޭ,ފާޚާނާ ހުރުން ,3.4.1.2,ފެނާއި ފާޚާނާގެ ނިޒާމު ޤާއިމުކުރުން,3.4.1,ފެންވަރު 3.4: ވޯޓަރ، ސެނިޓޭޝަން އެންޑް ހައިޖިން (ވޮޝް) 
397,4- ފައުންޑޭޝަންގެ ދަރިވަރުންގެ ފާޚާނާތައް ރަނގަޅަށް އަލި ލިބޭ ގޮަތަށް އަދި ވައި ދައުރުވާ ގޮތަށް ހުރޭ ,ފާޚާނާ ހުރުން ,3.4.1.2,ފެނާއި ފާޚާނާގެ ނިޒާމު ޤާއިމުކުރުން,3.4.1,ފެންވަރު 3.4: ވޯޓަރ، ސެނިޓޭޝަން އެންޑް ހައިޖިން (ވޮޝް) 
1000,5- ފައުންޑޭޝަންގެ ދަރިވަރުންގެ ފާޚާނާތައް ތަޅު ނުލެވޭ ގޮތަށް ހުރޭ ,ފާޚާނާ ހުރުން ,3.4.1.2,ފެނާއި ފާޚާނާގެ ނިޒާމު ޤާއިމުކުރުން,3.4.1,ފެންވަރު 3.4: ވޯޓަރ، ސެނިޓޭޝަން އެންޑް ހައިޖިން (ވޮޝް) 
1001,6- ފައުންޑޭޝަންގެ ދަރިވަރުންގެ ފާޚާނާތައް ދޮރުފަތުގެ ތިރިން ކަނޑާފައި ހުރޭ ,ފާޚާނާ ހުރުން ,3.4.1.2,ފެނާއި ފާޚާނާގެ ނިޒާމު ޤާއިމުކުރުން,3.4.1,ފެންވަރު 3.4: ވޯޓަރ، ސެނިޓޭޝަން އެންޑް ހައިޖިން (ވޮޝް) 
398,7- ޖިސްމާނީ ގޮތުން ޚާއްޞައެހީއަށް ބޭނުންވާ ފަރާތްތަކަށް ފާޚާނާ ހުރޭ,ފާޚާނާ ހުރުން ,3.4.1.2,ފެނާއި ފާޚާނާގެ ނިޒާމު ޤާއިމުކުރުން,3.4.1,ފެންވަރު 3.4: ވޯޓަރ، ސެނިޓޭޝަން އެންޑް ހައިޖިން (ވޮޝް) 
399,1- ދަރިވަރުންގެ ފާޚާނާތަކުގެ ސާފުތާހިރުކަން ބަލަހައްޓާ,ދަރިވަރުންގެ ފާާޚާނާތަކުގެ ސާފުތާހިރުކަން ބެލެހެއްޓުން,3.4.1.3,ފެނާއި ފާޚާނާގެ ނިޒާމު ޤާއިމުކުރުން,3.4.1,ފެންވަރު 3.4: ވޯޓަރ، ސެނިޓޭޝަން އެންޑް ހައިޖިން (ވޮޝް) 
400,2- ފާޚާނާތަކުގައި ސައިބޯނި ބަހައްޓައިފައި ހުރޭ,ދަރިވަރުންގެ ފާާޚާނާތަކުގެ ސާފުތާހިރުކަން ބެލެހެއްޓުން,3.4.1.3,ފެނާއި ފާޚާނާގެ ނިޒާމު ޤާއިމުކުރުން,3.4.1,ފެންވަރު 3.4: ވޯޓަރ، ސެނިޓޭޝަން އެންޑް ހައިޖިން (ވޮޝް) 
401,3-  ފާޚާނާތަކުގައި ޑަސްބިން ބަހައްޓައިފައި ހުރޭ ,ދަރިވަރުންގެ ފާާޚާނާތަކުގެ ސާފުތާހިރުކަން ބެލެހެއްޓުން,3.4.1.3,ފެނާއި ފާޚާނާގެ ނިޒާމު ޤާއިމުކުރުން,3.4.1,ފެންވަރު 3.4: ވޯޓަރ، ސެނިޓޭޝަން އެންޑް ހައިޖިން (ވޮޝް) 
402,1- މުވައްޒަފުންގެ ފާޚާނާތަކުގެ ސާފުތާހިރުކަން ބަލަހައްޓާ,މުވައްޒަފުންގެ  ފާާޚާނާތައް ސާފުތާހިރުކަން ބެލެހެއްޓުން,3.4.1.4,ފެނާއި ފާޚާނާގެ ނިޒާމު ޤާއިމުކުރުން,3.4.1,ފެންވަރު 3.4: ވޯޓަރ، ސެނިޓޭޝަން އެންޑް ހައިޖިން (ވޮޝް) 
403,2- ފާޚާނާތަކުގައި ސައިބޯނި ބަހައްޓައިފައި ހުރޭ,މުވައްޒަފުންގެ  ފާާޚާނާތައް ސާފުތާހިރުކަން ބެލެހެއްޓުން,3.4.1.4,ފެނާއި ފާޚާނާގެ ނިޒާމު ޤާއިމުކުރުން,3.4.1,ފެންވަރު 3.4: ވޯޓަރ، ސެނިޓޭޝަން އެންޑް ހައިޖިން (ވޮޝް) 
404,3-  ފާޚާނާތަކުގައި ޑަސްބިން ބަހައްޓައިފައި ހުރޭ ,މުވައްޒަފުންގެ  ފާާޚާނާތައް ސާފުތާހިރުކަން ބެލެހެއްޓުން,3.4.1.4,ފެނާއި ފާޚާނާގެ ނިޒާމު ޤާއިމުކުރުން,3.4.1,ފެންވަރު 3.4: ވޯޓަރ، ސެނިޓޭޝަން އެންޑް ހައިޖިން (ވޮޝް) 
405,1-  ފާޚާނާތައް މަރާމާތުކޮށް ބަލަހައްޓާ,ފާޚާނާތައް މަރާމާތުކުރުން,3.4.1.5,ފެނާއި ފާޚާނާގެ ނިޒާމު ޤާއިމުކުރުން,3.4.1,ފެންވަރު 3.4: ވޯޓަރ، ސެނިޓޭޝަން އެންޑް ހައިޖިން (ވޮޝް) 
406,2- ދަރިވަރުންގެ ފާޚާނާތައް ބޭނުންކުރެވޭ ހާލަތުގައި ހުރޭ ,ފާޚާނާތައް މަރާމާތުކުރުން,3.4.1.5,ފެނާއި ފާޚާނާގެ ނިޒާމު ޤާއިމުކުރުން,3.4.1,ފެންވަރު 3.4: ވޯޓަރ، ސެނިޓޭޝަން އެންޑް ހައިޖިން (ވޮޝް) 
407,3- މުވައްޒަފުންގެ ފާޚާނާތައް ބޭނުންކުރެވޭ ހާލަތުގައި ހުރޭ,ފާޚާނާތައް މަރާމާތުކުރުން,3.4.1.5,ފެނާއި ފާޚާނާގެ ނިޒާމު ޤާއިމުކުރުން,3.4.1,ފެންވަރު 3.4: ވޯޓަރ، ސެނިޓޭޝަން އެންޑް ހައިޖިން (ވޮޝް) 
408,1- ސްކޫލުގައި އަތްދޮވެވޭނެ އިންތިޒާމު ހަމަޖައްސައިފައި ވޭ,އަތްދޮވެވޭނެ އިންތިޒާމު ހަމަޖެއްސުމާއި ހޭލުންތެރިކުރުވުން,3.4.1.6,ފެނާއި ފާޚާނާގެ ނިޒާމު ޤާއިމުކުރުން,3.4.1,ފެންވަރު 3.4: ވޯޓަރ، ސެނިޓޭޝަން އެންޑް ހައިޖިން (ވޮޝް) 
409,2- އަތްދޮވުމުގެ މުހިންމުކަމުގެ މަޢުލޫމާތު ދަރިވަރުންނަށް ދޭ,އަތްދޮވެވޭނެ އިންތިޒާމު ހަމަޖެއްސުމާއި ހޭލުންތެރިކުރުވުން,3.4.1.6,ފެނާއި ފާޚާނާގެ ނިޒާމު ޤާއިމުކުރުން,3.4.1,ފެންވަރު 3.4: ވޯޓަރ، ސެނިޓޭޝަން އެންޑް ހައިޖިން (ވޮޝް) 
410,3- އަތްދޮންނަ ގޮތުގެ މަޢުލޫމާތު ފެންނަގޮތަށް ބަހައްޓައިފައި ހުރޭ,އަތްދޮވެވޭނެ އިންތިޒާމު ހަމަޖެއްސުމާއި ހޭލުންތެރިކުރުވުން,3.4.1.6,ފެނާއި ފާޚާނާގެ ނިޒާމު ޤާއިމުކުރުން,3.4.1,ފެންވަރު 3.4: ވޯޓަރ، ސެނިޓޭޝަން އެންޑް ހައިޖިން (ވޮޝް) 
412,1- ސްކޫލް ހިއްސާވާ ފަރާތްތައް ސްކޫލްހެލްތު ޕޮލިސީއަށް އަހުލުވެރިކުރުވާ,ސްކޫލް ހެލްތު ޕޮލިސީ ތަންފީޒުކުރުން,3.5.1.1,ރައްކާތެރިކަމާ ގުޅޭ އުސޫލުތައް ތަންފީޒުކުރުން,3.5.1,ފެންވަރު 3.5: ޞިއްޙަތާއި ރައްކާތެރިކަމާ ގުޅުންހުރި ޕޮލިސީތަކާއި އުސޫލުތައް
413,2-  ސްކޫލް ހެލްތު ޕޮލިސީ ތަންފީޒުކުރާކަން ކަށަވަރުކުރޭ,ސްކޫލް ހެލްތު ޕޮލިސީ ތަންފީޒުކުރުން,3.5.1.1,ރައްކާތެރިކަމާ ގުޅޭ އުސޫލުތައް ތަންފީޒުކުރުން,3.5.1,ފެންވަރު 3.5: ޞިއްޙަތާއި ރައްކާތެރިކަމާ ގުޅުންހުރި ޕޮލިސީތަކާއި އުސޫލުތައް
414,3- ސްކޫލް ހެލްތު  ޕޮލިސީ ތަންފީޒުކުރުމުގެ ރެކޯޑުތައް ބަލަހައްޓާ,ސްކޫލް ހެލްތު ޕޮލިސީ ތަންފީޒުކުރުން,3.5.1.1,ރައްކާތެރިކަމާ ގުޅޭ އުސޫލުތައް ތަންފީޒުކުރުން,3.5.1,ފެންވަރު 3.5: ޞިއްޙަތާއި ރައްކާތެރިކަމާ ގުޅުންހުރި ޕޮލިސީތަކާއި އުސޫލުތައް
415,1- ދަރިވަރުންނާ ހިއްސާކޮށްފައި ވޭ,ގަނާކުރުން ހުއްޓުވުމުގެ އުސޫލު ސްކޫލް ހިއްސާވާ ފަރާތްތަކާ ހިއްސާކުރުން,3.5.1.2,ރައްކާތެރިކަމާ ގުޅޭ އުސޫލުތައް ތަންފީޒުކުރުން,3.5.1,ފެންވަރު 3.5: ޞިއްޙަތާއި ރައްކާތެރިކަމާ ގުޅުންހުރި ޕޮލިސީތަކާއި އުސޫލުތައް
416,2- ބެލެނިވެރިންނާ ހިއްސާކޮށްފައި ވޭ,ގަނާކުރުން ހުއްޓުވުމުގެ އުސޫލު ސްކޫލް ހިއްސާވާ ފަރާތްތަކާ ހިއްސާކުރުން,3.5.1.2,ރައްކާތެރިކަމާ ގުޅޭ އުސޫލުތައް ތަންފީޒުކުރުން,3.5.1,ފެންވަރު 3.5: ޞިއްޙަތާއި ރައްކާތެރިކަމާ ގުޅުންހުރި ޕޮލިސީތަކާއި އުސޫލުތައް
417,3- މުވައްޒަފުންނާ ހިއްސާކޮށްފައި ވޭ,ގަނާކުރުން ހުއްޓުވުމުގެ އުސޫލު ސްކޫލް ހިއްސާވާ ފަރާތްތަކާ ހިއްސާކުރުން,3.5.1.2,ރައްކާތެރިކަމާ ގުޅޭ އުސޫލުތައް ތަންފީޒުކުރުން,3.5.1,ފެންވަރު 3.5: ޞިއްޙަތާއި ރައްކާތެރިކަމާ ގުޅުންހުރި ޕޮލިސީތަކާއި އުސޫލުތައް
418,1- ގަނާކުރުން ހުއްޓުވުމާ ގުޅޭ ކަންކަން ބެލެހެއްޓުމުގެ މަސްއޫލިއްޔަތު މުވައްޒަފަކާ ލިޔުމުން ހަވާލުކޮށްފައި ވޭ,ގަނާކުރުން ހުއްޓުވުމުގެ އުސޫލު ތަންފީޒުކުރުން,3.5.1.3,ރައްކާތެރިކަމާ ގުޅޭ އުސޫލުތައް ތަންފީޒުކުރުން,3.5.1,ފެންވަރު 3.5: ޞިއްޙަތާއި ރައްކާތެރިކަމާ ގުޅުންހުރި ޕޮލިސީތަކާއި އުސޫލުތައް
419,2- ގަނާކުރުން ހުއްޓުވުމަށް ސްކޫލުން އުސޫލެއް ހަދާފައިވޭ,ގަނާކުރުން ހުއްޓުވުމުގެ އުސޫލު ތަންފީޒުކުރުން,3.5.1.3,ރައްކާތެރިކަމާ ގުޅޭ އުސޫލުތައް ތަންފީޒުކުރުން,3.5.1,ފެންވަރު 3.5: ޞިއްޙަތާއި ރައްކާތެރިކަމާ ގުޅުންހުރި ޕޮލިސީތަކާއި އުސޫލުތައް
420,3- ގަނާކުރުން ހުއްޓުވުމުގެ އުސޫލު ތަންފީޒުކޮށް، ގުޅުންހުރި ލިޔެކިއުންތައް ބަލަހައްޓާ,ގަނާކުރުން ހުއްޓުވުމުގެ އުސޫލު ތަންފީޒުކުރުން,3.5.1.3,ރައްކާތެރިކަމާ ގުޅޭ އުސޫލުތައް ތަންފީޒުކުރުން,3.5.1,ފެންވަރު 3.5: ޞިއްޙަތާއި ރައްކާތެރިކަމާ ގުޅުންހުރި ޕޮލިސީތަކާއި އުސޫލުތައް
421,1- މުވައްޒަފުން އަހުލުވެރިކުރޭ,ގަނާކުރުން ހުއްޓުވުމުގެ އުސޫލަށް ސްކޫލް ހިއްސާވާ ފަރާތްތައް އަހުލުވެރިކުރުން ,3.5.1.4,ރައްކާތެރިކަމާ ގުޅޭ އުސޫލުތައް ތަންފީޒުކުރުން,3.5.1,ފެންވަރު 3.5: ޞިއްޙަތާއި ރައްކާތެރިކަމާ ގުޅުންހުރި ޕޮލިސީތަކާއި އުސޫލުތައް
422,2- ބެލެނިވެރިން އަހުލުވެރިކުރޭ,ގަނާކުރުން ހުއްޓުވުމުގެ އުސޫލަށް ސްކޫލް ހިއްސާވާ ފަރާތްތައް އަހުލުވެރިކުރުން ,3.5.1.4,ރައްކާތެރިކަމާ ގުޅޭ އުސޫލުތައް ތަންފީޒުކުރުން,3.5.1,ފެންވަރު 3.5: ޞިއްޙަތާއި ރައްކާތެރިކަމާ ގުޅުންހުރި ޕޮލިސީތަކާއި އުސޫލުތައް
423,3- ދަރިވަރުން އަހުލުވެރިކުރޭ,ގަނާކުރުން ހުއްޓުވުމުގެ އުސޫލަށް ސްކޫލް ހިއްސާވާ ފަރާތްތައް އަހުލުވެރިކުރުން ,3.5.1.4,ރައްކާތެރިކަމާ ގުޅޭ އުސޫލުތައް ތަންފީޒުކުރުން,3.5.1,ފެންވަރު 3.5: ޞިއްޙަތާއި ރައްކާތެރިކަމާ ގުޅުންހުރި ޕޮލިސީތަކާއި އުސޫލުތައް
424,"1- ލިއޭޒަން އޮފިސަރަކާއި ޑެޕިއުޓީ ލިއޭޒަން އޮފިސަރުގެ މަސްއޫލިއްޔަތު  ލިޔުމުން ހަވާލުކޮށްފައި ވޭ




",ޗައިލްޑް ޕްރޮޓެކްޝަން ޕޮލިސީ ތަންފީޒުކުރުން,3.5.1.5,ރައްކާތެރިކަމާ ގުޅޭ އުސޫލުތައް ތަންފީޒުކުރުން,3.5.1,ފެންވަރު 3.5: ޞިއްޙަތާއި ރައްކާތެރިކަމާ ގުޅުންހުރި ޕޮލިސީތަކާއި އުސޫލުތައް
425,2-  ޗައިލްޑް ޕްރޮޓެކްޝަން ޕޮލިސީ ތަންފީޒުކުރުމުގެ ރެކޯޑުތައް ބަލަހައްޓާ,ޗައިލްޑް ޕްރޮޓެކްޝަން ޕޮލިސީ ތަންފީޒުކުރުން,3.5.1.5,ރައްކާތެރިކަމާ ގުޅޭ އުސޫލުތައް ތަންފީޒުކުރުން,3.5.1,ފެންވަރު 3.5: ޞިއްޙަތާއި ރައްކާތެރިކަމާ ގުޅުންހުރި ޕޮލިސީތަކާއި އުސޫލުތައް
426,3- ލިއޭޒަން އޮފިސަރާއި ޑެޕިއުޓީ ލިއޭޒަން އޮފިސަރުގެ ޒިންމާއަދާކުރާކަން ކަށަވަރުކުރޭ,ޗައިލްޑް ޕްރޮޓެކްޝަން ޕޮލިސީ ތަންފީޒުކުރުން,3.5.1.5,ރައްކާތެރިކަމާ ގުޅޭ އުސޫލުތައް ތަންފީޒުކުރުން,3.5.1,ފެންވަރު 3.5: ޞިއްޙަތާއި ރައްކާތެރިކަމާ ގުޅުންހުރި ޕޮލިސީތަކާއި އުސޫލުތައް
427,1- މުވައްޒަފުން އަހުލުވެރިކުރޭ,ޗައިލްޑް ޕްރޮޓެކްޝަން ޕޮލިސީއަށް ހިއްސާވާ ފަރާތްތައް އަހުލުވެރިކުރުން  ,3.5.1.6,ރައްކާތެރިކަމާ ގުޅޭ އުސޫލުތައް ތަންފީޒުކުރުން,3.5.1,ފެންވަރު 3.5: ޞިއްޙަތާއި ރައްކާތެރިކަމާ ގުޅުންހުރި ޕޮލިސީތަކާއި އުސޫލުތައް
428,2- ބެލެނިވެރިން އަހުލުވެރިކުރޭ,ޗައިލްޑް ޕްރޮޓެކްޝަން ޕޮލިސީއަށް ހިއްސާވާ ފަރާތްތައް އަހުލުވެރިކުރުން  ,3.5.1.6,ރައްކާތެރިކަމާ ގުޅޭ އުސޫލުތައް ތަންފީޒުކުރުން,3.5.1,ފެންވަރު 3.5: ޞިއްޙަތާއި ރައްކާތެރިކަމާ ގުޅުންހުރި ޕޮލިސީތަކާއި އުސޫލުތައް
429,3- ދަރިވަރުން އަހުލުވެރިކުރޭ,ޗައިލްޑް ޕްރޮޓެކްޝަން ޕޮލިސީއަށް ހިއްސާވާ ފަރާތްތައް އަހުލުވެރިކުރުން  ,3.5.1.6,ރައްކާތެރިކަމާ ގުޅޭ އުސޫލުތައް ތަންފީޒުކުރުން,3.5.1,ފެންވަރު 3.5: ޞިއްޙަތާއި ރައްކާތެރިކަމާ ގުޅުންހުރި ޕޮލިސީތަކާއި އުސޫލުތައް