,މަޢުލޫމާތު އެއްކުރުމަށް ޓަކައި އޮބްޒަވޭޝަނުން ބަލާނެ ކަންތައްތައް,,,,,,,,,
IndicatorCode,Score,ސުވާލުކުރާނެ ފަރާތް,ބަލާނެ ލިޔެކިޔުން,General Observation,Indicators,Outcomes,OutcomeNo,Substrand,SubstrandNo,StrandNo and Strand
28,1,,,ގޭޓް، ކޮމްޕައުންޑް,1- ދަރިވަރުންނަށް ފަސޭހައިން ވަދެނުކުމެ ހެދޭ ގޮތަށް، ސްކޫލުގެ ގޭޓާއި ކޮމްޕައުންޑް ތައްޔާރުކޮށްފައި ވޭ,ޖިސްމާނީ ގޮތުން އެހީތެރިކަން ބޭނުންވާ ދަރިވަރުންނަށް ފަސޭހައިން ވަދެނުކުމެ އުޅެވޭ ގޮތް ހެދުން,1.2.1.3,އިންކްލޫސިވް އެޑިޔުކޭޝަނާ ގުޅޭ ކަންކަން ކުރުމުގެ އިންތިޒާމު ހަމަޖެއްސުން,1.2.1,ފެންވަރު 1.2: އެހީތެރިވެދިނުމުގެ ނިޒާމު (ރިފަރަލް ނިޒާމު) ގާއިމުކުރުން
29,1,,,ކުލާސްރޫމުތައް,2-  ދަރިވަރުންނަށް ފަސޭހައިން ވަދެނުކުމެ ހެދޭ ގޮތަށް، ކްލާސްރޫމްތައް ތައްޔާރުކޮށްފައި ވޭ,ޖިސްމާނީ ގޮތުން އެހީތެރިކަން ބޭނުންވާ ދަރިވަރުންނަށް ފަސޭހައިން ވަދެނުކުމެ އުޅެވޭ ގޮތް ހެދުން,1.2.1.3,އިންކްލޫސިވް އެޑިޔުކޭޝަނާ ގުޅޭ ކަންކަން ކުރުމުގެ އިންތިޒާމު ހަމަޖެއްސުން,1.2.1,ފެންވަރު 1.2: އެހީތެރިވެދިނުމުގެ ނިޒާމު (ރިފަރަލް ނިޒާމު) ގާއިމުކުރުން
30,1,,,އެހެނިހެން ތަންތަން (ލައިބުރަރީ/ލެބުފަދަ ތަންތަން),3- ދަރިވަރުންނަށް ފަސޭހައިން ވަދެނުކުމެ ހެދޭ ގޮތަށް، ސްކޫލުގެ އެެހެނިހެން ތަންތަން ތައްޔާރުކޮށްފައި ވޭ,ޖިސްމާނީ ގޮތުން އެހީތެރިކަން ބޭނުންވާ ދަރިވަރުންނަށް ފަސޭހައިން ވަދެނުކުމެ އުޅެވޭ ގޮތް ހެދުން,1.2.1.3,އިންކްލޫސިވް އެޑިޔުކޭޝަނާ ގުޅޭ ކަންކަން ކުރުމުގެ އިންތިޒާމު ހަމަޖެއްސުން,1.2.1,ފެންވަރު 1.2: އެހީތެރިވެދިނުމުގެ ނިޒާމު (ރިފަރަލް ނިޒާމު) ގާއިމުކުރުން
303,1,,,ލައިބްރަރީ/ފޮތް ކިޔުމުގެ އިންތިޒާމު ހަމަޖައްސާފައިވާ ތަން ,1- ފޮތްތައް ކްލެސިފައިކޮށްފައި ވޭ/ތަރުތީބުކޮށްފައި ވޭ,ދަރިވަރުންނާއި މުދައްރިސުންނަށް ބޭނުންކުރެވޭ ގޮތަށް ލައިބްރަރީ/ތަނެއް ތައްޔާރުކޮށްފައިވުން,2.4.2.1,ފޮތްކިޔުމުގެ އިންތިޒާމު ހަމަޖެއްސުން,2.4.2,ފެންވަރު 2.4: އުނގެނުމާއި އުނގަންނައިދިނުމުގެ ވަސީލަތްތައް 
304,1,,,ލައިބްރަރީ/ފޮތް ކިޔުމުގެ އިންތިޒާމު ހަމަޖައްސާފައިވާ ތަން ,2- ފޮތްތައް ކެޓަގަރައިޒްކޮށްފައި ވޭ,ދަރިވަރުންނާއި މުދައްރިސުންނަށް ބޭނުންކުރެވޭ ގޮތަށް ލައިބްރަރީ/ތަނެއް ތައްޔާރުކޮށްފައިވުން,2.4.2.1,ފޮތްކިޔުމުގެ އިންތިޒާމު ހަމަޖެއްސުން,2.4.2,ފެންވަރު 2.4: އުނގެނުމާއި އުނގަންނައިދިނުމުގެ ވަސީލަތްތައް 
305,1,,,ލައިބްރަރީ/ފޮތް ކިޔުމުގެ އިންތިޒާމު ހަމަޖައްސާފައިވާ ތަން ,3- ލައިބުރަރީ/ތަނެއް ތައްޔާރުކޮށްފައި ވޭ,ދަރިވަރުންނާއި މުދައްރިސުންނަށް ބޭނުންކުރެވޭ ގޮތަށް ލައިބްރަރީ/ތަނެއް ތައްޔާރުކޮށްފައިވުން,2.4.2.1,ފޮތްކިޔުމުގެ އިންތިޒާމު ހަމަޖެއްސުން,2.4.2,ފެންވަރު 2.4: އުނގެނުމާއި އުނގަންނައިދިނުމުގެ ވަސީލަތްތައް 
306,1,ލައިބުރޭރިއަން,,ފޮތް ދޫކުރާ ސިސްޓަމް,4- ފޮތް ދޫކުރާނެ އިންތިޒާމެއް ހަމަޖައްސައިފައި ވޭ,ދަރިވަރުންނާއި މުދައްރިސުންނަށް ބޭނުންކުރެވޭ ގޮތަށް ލައިބްރަރީ/ތަނެއް ތައްޔާރުކޮށްފައިވުން,2.4.2.1,ފޮތްކިޔުމުގެ އިންތިޒާމު ހަމަޖެއްސުން,2.4.2,ފެންވަރު 2.4: އުނގެނުމާއި އުނގަންނައިދިނުމުގެ ވަސީލަތްތައް 
309,1,,,ލައިބްރަރީ/ފޮތް ކިޔުމުގެ އިންތިޒާމު ހަމަޖައްސައިފައިވާ ތަން ,7- ފޮތްކިޔުމަށް ޝައުގުވެރިވާ ގޮތަށް ލައިބުރަރީ/ ފޮތްކިޔާ ސަރަހައްދު ތައްޔާރުކުރޭ,ދަރިވަރުންނާއި މުދައްރިސުންނަށް ބޭނުންކުރެވޭ ގޮތަށް ލައިބްރަރީ/ތަނެއް ތައްޔާރުކޮށްފައިވުން,2.4.2.1,ފޮތްކިޔުމުގެ އިންތިޒާމު ހަމަޖެއްސުން,2.4.2,ފެންވަރު 2.4: އުނގެނުމާއި އުނގަންނައިދިނުމުގެ ވަސީލަތްތައް 
310,1,,,ލައިބްރަރީ/ފޮތް ކިޔުމުގެ އިންތިޒާމު ހަމަޖައްސައިފައިވާ ތަން ,1- ފޮތްތައް ބޭނުންކުރެވޭނެ އިންތިޒާމު ހަމަޖައްސައިފައި ވޭ,ދަރިވަރުންނާއި މުދައްރިސުން ލައިބްރަރީ ފޮތްތައް ބޭނުންކުރުން ,2.4.2.2,ފޮތްކިޔުމުގެ އިންތިޒާމު ހަމަޖެއްސުން,2.4.2,ފެންވަރު 2.4: އުނގެނުމާއި އުނގަންނައިދިނުމުގެ ވަސީލަތްތައް 
311,1,ލައިބްރޭރިއަން,ފޮތް ދޫކުރާ ސިސްޓަމް,,2- ދަރިވަރުން ބޭނުންކުރުމަށް ފޮތް ދޫކުރޭ,ދަރިވަރުންނާއި މުދައްރިސުން ލައިބްރަރީ ފޮތްތައް ބޭނުންކުރުން ,2.4.2.2,ފޮތްކިޔުމުގެ އިންތިޒާމު ހަމަޖެއްސުން,2.4.2,ފެންވަރު 2.4: އުނގެނުމާއި އުނގަންނައިދިނުމުގެ ވަސީލަތްތައް 
312,1,ލައިބްރޭރިއަން,ފޮތް ދޫކުރާ ސިސްޓަމް,,3- މުދައްރިސުން ބޭނުންކުރުމަށް ފޮތް ދޫކުރޭ ,ދަރިވަރުންނާއި މުދައްރިސުން ލައިބްރަރީ ފޮތްތައް ބޭނުންކުރުން ,2.4.2.2,ފޮތްކިޔުމުގެ އިންތިޒާމު ހަމަޖެއްސުން,2.4.2,ފެންވަރު 2.4: އުނގެނުމާއި އުނގަންނައިދިނުމުގެ ވަސީލަތްތައް 
313,1,ލެބް އެސިސްޓެންޓް/ސައިންސް ފޯކަލް ޕްއިންޓް,,ލެބް/ސައިންސްރޫމް/ބަހައްޓައިފައި ހުންނަ ތަން/އިންވެންޓްރީ ލިސްޓް,1- އެކްސްޕެރިމެންޓްތައް ކުރިއަށް ގެންދިޔުމަށް ބޭނުންވާ ކެމިކަލް އަދި އާލާތްތައް ހުރޭ,ސައިންސްގެ މާއްދާތައް އުނގަންނައިދިނުމުގައި ބޭނުންކުރެވޭ ގޮތަށް ކެމިކަލް/ އިކްއިޕްމަންޓްތަކުގެ ބޭނުންހިފުން,2.4.3.1, ސައިންސް އިކްއިޕްމަންޓްތަކާއި ކެމިކަލްތަކުގެ ބޭނުންހިފުން ,2.4.3,ފެންވަރު 2.4: އުނގެނުމާއި އުނގަންނައިދިނުމުގެ ވަސީލަތްތައް 
314,1,,,ލެބް/ސައިންސްރޫމް,2- ސައިންސްގެ މާއްދާތަކުގެޝައުގުވެރިކަން އިތުރުކުރުވާ ގޮތަށް ސްކޫލުގެ ލެބޯޓަރީ/ސައިންސްރޫމް ތައްޔާރުކޮށްފައި ވޭ,ސައިންސްގެ މާއްދާތައް އުނގަންނައިދިނުމުގައި ބޭނުންކުރެވޭ ގޮތަށް ކެމިކަލް/ އިކްއިޕްމަންޓްތަކުގެ ބޭނުންހިފުން,2.4.3.1, ސައިންސް އިކްއިޕްމަންޓްތަކާއި ކެމިކަލްތަކުގެ ބޭނުންހިފުން ,2.4.3,ފެންވަރު 2.4: އުނގެނުމާއި އުނގަންނައިދިނުމުގެ ވަސީލަތްތައް 
315,1,ލެބް އެސިސްޓެންޓް/ސައިންސް ޓީޗަރ,ލެބްް ބޭނުންކުރާ ލޮގް/ސައިންސް ލެބް ބުކިން/ލެބް ބޭނުންކޮށްގެން ގެންގޮސްފައިވާ ލެސަންޕްލޭނުތައް,,3- ފިލާވަޅުތަކާ ގުޅުވައިގެން ދަރިވަރުން ސައިންސް އިކްއިޕްމަންޓް/ ސައިންސް ކިޓްގެ ބޭނުންކުރަމުންދޭ,ސައިންސްގެ މާއްދާތައް އުނގަންނައިދިނުމުގައި ބޭނުންކުރެވޭ ގޮތަށް ކެމިކަލް/ އިކްއިޕްމަންޓްތަކުގެ ބޭނުންހިފުން,2.4.3.1, ސައިންސް އިކްއިޕްމަންޓްތަކާއި ކެމިކަލްތަކުގެ ބޭނުންހިފުން ,2.4.3,ފެންވަރު 2.4: އުނގެނުމާއި އުނގަންނައިދިނުމުގެ ވަސީލަތްތައް 
316,1,ލެބް އެސިސްޓެންޓް/ސައިންސް ޓީޗަރ,,ކެމިކަލްތަކުގެ އިންވެންޓަރީ/ކެމިކަލްތައް ބަހައްޓައިފައިވާ ތަނާއި ތަކެތި,1- ކެމިކަލްތައް ލޭބަލްކޮށްފައި ވޭ,ކެމިކަލްތަކާއި އިކްއިޕްމަންޓްތައް ބެލެހެއްޓުން ,2.4.3.2, ސައިންސް އިކްއިޕްމަންޓްތަކާއި ކެމިކަލްތަކުގެ ބޭނުންހިފުން ,2.4.3,ފެންވަރު 2.4: އުނގެނުމާއި އުނގަންނައިދިނުމުގެ ވަސީލަތްތައް 
317,1,ލެބް އެސިސްޓެންޓް/ސައިންސް ޓީޗަރ,,ލެބް/ސައިންސްރޫމް/ބަހައްޓައިފައި ހުންނަ ތަން,2- މިނިސްޓްރީއިން ކަނޑައަޅައިފައިވާ އުސޫލާ އެއްގޮތަށް، ރައްކާތެރި ތަނެއްގައި ކެމިކަލްތައް ބަލަހައްޓާފައިވޭ ,ކެމިކަލްތަކާއި އިކްއިޕްމަންޓްތައް ބެލެހެއްޓުން ,2.4.3.2, ސައިންސް އިކްއިޕްމަންޓްތަކާއި ކެމިކަލްތަކުގެ ބޭނުންހިފުން ,2.4.3,ފެންވަރު 2.4: އުނގެނުމާއި އުނގަންނައިދިނުމުގެ ވަސީލަތްތައް 
318,1,ލެބް އެސިސްޓެންޓް/ސައިންސް ޓީޗަރ,މިނިސްޓްރީއަށް ފޮނުވާފައިވާ ލިސްޓް/ރިކުއެސްޓް މެއިލް,,3- މުއްދަތު ހަމަވެފައިވާ ކެމިކަލްތައް އުސޫލާ އެއްގޮތަށް ނައްތާލުމަށް މިނިސްޓްރީއަށް ހުށައަޅައިފައި ވޭ,ކެމިކަލްތަކާއި އިކްއިޕްމަންޓްތައް ބެލެހެއްޓުން ,2.4.3.2, ސައިންސް އިކްއިޕްމަންޓްތަކާއި ކެމިކަލްތަކުގެ ބޭނުންހިފުން ,2.4.3,ފެންވަރު 2.4: އުނގެނުމާއި އުނގަންނައިދިނުމުގެ ވަސީލަތްތައް 
357,1,,,އަލިފާން ނިވި,2- މުއްދަތު ހަމަނުވާ އަލިފާންނިވި ހަރުކޮށްފައި ވޭ,އިމާރާތްތަކުގެ ރައްކާތެރިކަން ކަށަވަރުކުރުން,3.2.1.1,ރައްކާތެރި މާހައުލެއް ޤާއިމުކުރުން,3.2.1,ފެންވަރު 3.2: ރައްކާތެރި މާހައުލު
360,1,,,ސްކޫލުގެ ގޯތިތެރެއާއި އިމާރާތް,2- ހިނގާބިނގާވެ އުޅުމަށް ރައްކައުތެރި ގޮތަށް ސްކޫލް ގޯތިތެރެ ތައްޔާރުކޮށްފައި ވޭ ,ސްކޫލް ގޯތިތެރޭގެ ރައްކައުތެރިކަން ކަށަވަރުކުރުން ,3.2.1.2,ރައްކާތެރި މާހައުލެއް ޤާއިމުކުރުން,3.2.1,ފެންވަރު 3.2: ރައްކާތެރި މާހައުލު
361,1,,,ސްކޫލުގެ ގޯތިތެރެއާއި ކުޅިވަރު ކުޅުމަށް ކަނޑައަޅއިފައިވާ ސަރަހައްދު,3- ކުޅިވަރުކުޅުމަށް ކަނޑައަޅައިފައިވާ ސަރަހައްދަކީ ދަރިވަރުންނަށް ރައްކައުތެރި ތަނެއްކަން ކަށަވަރުކުރޭ,ސްކޫލް ގޯތިތެރޭގެ ރައްކައުތެރިކަން ކަށަވަރުކުރުން ,3.2.1.2,ރައްކާތެރި މާހައުލެއް ޤާއިމުކުރުން,3.2.1,ފެންވަރު 3.2: ރައްކާތެރި މާހައުލު
362,1,,,ކުޅިވަރު ކުޅުމަށް ކަނޑައަޅއިފައިވާ ތަކެތި,1- އައުޓްޑޯ އޭރިއާގައިވާ ތަކެއްޗަކީ ރައްކައުތެރި ތަކެތިކަން ކަށަވަރުކުރޭ,ފައުންޑޭޝަން ދަރިވަރުންގެ އައުޓްޑޯ އޭރިއާގެ ރައްކައުތެރިކަން ކަށަވަރުކުރުން ,3.2.1.3,ރައްކާތެރި މާހައުލެއް ޤާއިމުކުރުން,3.2.1,ފެންވަރު 3.2: ރައްކާތެރި މާހައުލު
364,1,,,އައުޓްޑޯ އޭރިއާ ,3- އައުޓްޑޯ އޭރިއާ ސާފުތާހިރުކޮށް ބަލަހައްޓާ,ފައުންޑޭޝަން ދަރިވަރުންގެ އައުޓްޑޯ އޭރިއާގެ ރައްކައުތެރިކަން ކަށަވަރުކުރުން ,3.2.1.3,ރައްކާތެރި މާހައުލެއް ޤާއިމުކުރުން,3.2.1,ފެންވަރު 3.2: ރައްކާތެރި މާހައުލު
365,1,,,ފައުންޑޭޝަން ކްލާސްރޫމް ,1- ކްލާހުގައި ހުންނަނީ ދަރިވަރުންގެ އުމުރާ ގުޅޭ ފަރުނީޗަރުކަން ކަށަވަރުކުރޭ ,ފައުންޑޭޝަން ކްލާސްރޫމްތަކުގެ ރައްކައުތެރިކަން ކަށަވަރުކުރުން,3.2.1.4,ރައްކާތެރި މާހައުލެއް ޤާއިމުކުރުން,3.2.1,ފެންވަރު 3.2: ރައްކާތެރި މާހައުލު
366,1,,,ފައުންޑޭޝަން ކްލާސްރޫމް ,2- ދަރވަރުންނަށް ހެލިފެލިވެ އުޅުމަށް ދަތިނުވާ ގޮތަށް ފަރުނީޗަރު އަތުރައިފައި ހުރޭ,ފައުންޑޭޝަން ކްލާސްރޫމްތަކުގެ ރައްކައުތެރިކަން ކަށަވަރުކުރުން,3.2.1.4,ރައްކާތެރި މާހައުލެއް ޤާއިމުކުރުން,3.2.1,ފެންވަރު 3.2: ރައްކާތެރި މާހައުލު
367,1,,,ފައުންޑޭޝަން ކްލާސްރޫމް ,3- ކޯނަރތަކުގައި ހުންނަ އެންމެހައި ތަކެއްޗަކީ ދަރިވަރުންނަށް ރައްކާތެރި ތަކެތިކަން ކަށަވަރުކުރޭ ,ފައުންޑޭޝަން ކްލާސްރޫމްތަކުގެ ރައްކައުތެރިކަން ކަށަވަރުކުރުން,3.2.1.4,ރައްކާތެރި މާހައުލެއް ޤާއިމުކުރުން,3.2.1,ފެންވަރު 3.2: ރައްކާތެރި މާހައުލު
368,1,,,ކްލާސްރޫމް، ލެބް، ލައިބުރަރީ ,1- ބޭރުން އެތެރެ ފެންނަ ގޮތަށް ކްލާސްރޫމުތައް ހުރޭ,ކިޔަވައިދިނުމަށް ބޭނުންކުރާ ތަންތަނަކީ ދަރިވަރުންނާއި މުވައްޒަފުންނަށް ރައްކައުތެރި ތަންތަންކަން ކަށަވަރުކުރުން,3.2.1.5,ރައްކާތެރި މާހައުލެއް ޤާއިމުކުރުން,3.2.1,ފެންވަރު 3.2: ރައްކާތެރި މާހައުލު
369,1,,,ކްލާސްރޫމް، ލެބް، ލައިބުރަރީ ,2- ދަރިވަރުންނަށް ފަސޭހަވާ ގޮތަށް ކުލާސްރޫމުގައި އަލިކަން ހުރޭ,ކިޔަވައިދިނުމަށް ބޭނުންކުރާ ތަންތަނަކީ ދަރިވަރުންނާއި މުވައްޒަފުންނަށް ރައްކައުތެރި ތަންތަންކަން ކަށަވަރުކުރުން,3.2.1.5,ރައްކާތެރި މާހައުލެއް ޤާއިމުކުރުން,3.2.1,ފެންވަރު 3.2: ރައްކާތެރި މާހައުލު
370,1,,,ކްލާސްރޫމް، ލެބް، ލައިބުރަރީ ,3- ދަރިވަރުންނަށް ރައްކައުތެރި ގޮތަށް ކަރަންޓް ސޮކެޓު ފަދަ ތަކެތި ހަރުުކޮށްފައި ވޭ ,ކިޔަވައިދިނުމަށް ބޭނުންކުރާ ތަންތަނަކީ ދަރިވަރުންނާއި މުވައްޒަފުންނަށް ރައްކައުތެރި ތަންތަންކަން ކަށަވަރުކުރުން,3.2.1.5,ރައްކާތެރި މާހައުލެއް ޤާއިމުކުރުން,3.2.1,ފެންވަރު 3.2: ރައްކާތެރި މާހައުލު
371,1,,,ކްލާސްރޫމް، ލެބް، ލައިބުރަރީ ,1- ކިޔަވައިދިނުމަށް ބޭނުންކުރާ ތަންތަނުގެ ފާރުތައް އަދި ސީލިންގ ފަދަ ތަންތަން ސާފުކުރޭ,ކިޔަވައިދިނުމަށް ބޭނުންކުރާ ތަންތަން ސާފުތާހިރުކޮށް ބެލެހެއްޓުން,3.2.1.6,ރައްކާތެރި މާހައުލެއް ޤާއިމުކުރުން,3.2.1,ފެންވަރު 3.2: ރައްކާތެރި މާހައުލު
372,1,,,ކްލާސްރޫމް، ލެބް، ލައިބުރަރީ ,2- ކިޔަވައިދިނުމަށް ބޭނުންކުރާ ތަންތަނުގައި ޑަސްބިން ބަހައްޓައިފައި ވޭ,ކިޔަވައިދިނުމަށް ބޭނުންކުރާ ތަންތަން ސާފުތާހިރުކޮށް ބެލެހެއްޓުން,3.2.1.6,ރައްކާތެރި މާހައުލެއް ޤާއިމުކުރުން,3.2.1,ފެންވަރު 3.2: ރައްކާތެރި މާހައުލު
373,1,,,ކްލާސްރޫމް، ލެބް، ލައިބުރަރީ ,3- ކިޔަވައިދިނުމަށް ބޭނުންކުރާ ތަންތަނުގެ ފަރުނީޗަރާއި ފޮތްތައް ފަދަ ތަކެތި ތަރުތީބުން އަތުރައިފައި ވޭ,ކިޔަވައިދިނުމަށް ބޭނުންކުރާ ތަންތަން ސާފުތާހިރުކޮށް ބެލެހެއްޓުން,3.2.1.6,ރައްކާތެރި މާހައުލެއް ޤާއިމުކުރުން,3.2.1,ފެންވަރު 3.2: ރައްކާތެރި މާހައުލު
374,1,,,ސްކޫލުގެ ގޯތިތެރެއާއި އިމާރާތްތަައް,1- ސްކޫލް ގޯތިތެރެ ކުނިކަހައި ސާފުކުރޭ,ސްކޫލް ގޯތިތެރެ ސާފުތާހިރުކޮށް ބެލެހެއްޓުން,3.2.1.7,ރައްކާތެރި މާހައުލެއް ޤާއިމުކުރުން,3.2.1,ފެންވަރު 3.2: ރައްކާތެރި މާހައުލު
375,1,,,ސްކޫލުގެ ގޯތިތެރެއާއި އިމާރާތްތަައް,2- ގޯތިތެރޭގައި ޑަސްބިން ބަހައްޓައިފައި ވޭ,ސްކޫލް ގޯތިތެރެ ސާފުތާހިރުކޮށް ބެލެހެއްޓުން,3.2.1.7,ރައްކާތެރި މާހައުލެއް ޤާއިމުކުރުން,3.2.1,ފެންވަރު 3.2: ރައްކާތެރި މާހައުލު
392,1,,,ބޯފެން ފޯރުކޮށްދިނުމުގެ އިންތިޒާމް,2- ފަސޭހައިން ބޯފެން ލިބޭނެ އިންތިޒާމު ހަމަޖައްސައިފައި ވޭ,ރައްކާތެރި ބޯފެން ފޯރުކޮށްދިނުން,3.4.1.1,ފެނާއި ފާޚާނާގެ ނިޒާމު ޤާއިމުކުރުން,3.4.1,ފެންވަރު 3.4: ވޯޓަރ، ސެނިޓޭޝަން އެންޑް ހައިޖިން (ވޮޝް) 
394,1,,,ފާޚާނާ (50 ފިރެހެން ދަރިވަރަކަށް 1، ކޮންމެ 35 އަންހެން ދަރިވަރަކަށް 1 ,"1- ދަރިވަރުންނަށް ބޭނުންވާ އަދަދަށް (ދެ ޖިންސަށް ވަކިން) ފާޚާނާ ހުރޭ

",ފާޚާނާ ހުރުން ,3.4.1.2,ފެނާއި ފާޚާނާގެ ނިޒާމު ޤާއިމުކުރުން,3.4.1,ފެންވަރު 3.4: ވޯޓަރ، ސެނިޓޭޝަން އެންޑް ހައިޖިން (ވޮޝް) 
395,1,,, ކޮންމެ 20 އަންހެން މުވައްޒަފަކަށް 1ފާޚާނާ، ކޮންމެ 35 ފިރެހެން މުވައްޒަފަކަށް 1 ފާޚާނާ,"2- މުވައްޒަފުންނަށް ބޭނުންވާ އަދަދަށް (ދެ ޖިންސަށް ވަކިން) ފާޚާނާ ހުރޭ

",ފާޚާނާ ހުރުން ,3.4.1.2,ފެނާއި ފާޚާނާގެ ނިޒާމު ޤާއިމުކުރުން,3.4.1,ފެންވަރު 3.4: ވޯޓަރ، ސެނިޓޭޝަން އެންޑް ހައިޖިން (ވޮޝް) 
396,1,,,ފައުންޑޭޝަން ދަރިވަރުންގެ ފާޚާނާ,3- ފައުންޑޭޝަން އަދި ގުރޭޑް 1ގެ ދަރިވަރުންގެ އުމުރާ ގުޅޭ ފާޚާނާ ހުރޭ,ފާޚާނާ ހުރުން ,3.4.1.2,ފެނާއި ފާޚާނާގެ ނިޒާމު ޤާއިމުކުރުން,3.4.1,ފެންވަރު 3.4: ވޯޓަރ، ސެނިޓޭޝަން އެންޑް ހައިޖިން (ވޮޝް) 
397,1,,,ފައުންޑޭޝަން ދަރިވަރުންގެ ފާޚާނާ,4- ފައުންޑޭޝަންގެ ދަރިވަރުންގެ ފާޚާނާތައް ރަނގަޅަށް އަލި ލިބޭ ގޮަތަށް އަދި ވައި ދައުރުވާ ގޮތަށް ހުރޭ ,ފާޚާނާ ހުރުން ,3.4.1.2,ފެނާއި ފާޚާނާގެ ނިޒާމު ޤާއިމުކުރުން,3.4.1,ފެންވަރު 3.4: ވޯޓަރ، ސެނިޓޭޝަން އެންޑް ހައިޖިން (ވޮޝް) 
1000,1,,,ފައުންޑޭޝަން ދަރިވަރުންގެ ފާޚާނާ,5- ފައުންޑޭޝަންގެ ދަރިވަރުންގެ ފާޚާނާތައް ތަޅު ނުލެވޭ ގޮތަށް ހުރޭ ,ފާޚާނާ ހުރުން ,3.4.1.2,ފެނާއި ފާޚާނާގެ ނިޒާމު ޤާއިމުކުރުން,3.4.1,ފެންވަރު 3.4: ވޯޓަރ، ސެނިޓޭޝަން އެންޑް ހައިޖިން (ވޮޝް) 
1001,1,,,ފައުންޑޭޝަން ދަރިވަރުންގެ ފާޚާނާ,6- ފައުންޑޭޝަންގެ ދަރިވަރުންގެ ފާޚާނާތައް ދޮރުފަތުގެ ތިރިން ކަނޑާފައި ހުރޭ ,ފާޚާނާ ހުރުން ,3.4.1.2,ފެނާއި ފާޚާނާގެ ނިޒާމު ޤާއިމުކުރުން,3.4.1,ފެންވަރު 3.4: ވޯޓަރ، ސެނިޓޭޝަން އެންޑް ހައިޖިން (ވޮޝް) 
398,1,,,ޔުނިވާސަލް ޓޮއިލެޓް,7- ޖިސްމާނީ ގޮތުން ޚާއްޞައެހީއަށް ބޭނުންވާ ފަރާތްތަކަށް ފާޚާނާ ހުރޭ,ފާޚާނާ ހުރުން ,3.4.1.2,ފެނާއި ފާޚާނާގެ ނިޒާމު ޤާއިމުކުރުން,3.4.1,ފެންވަރު 3.4: ވޯޓަރ، ސެނިޓޭޝަން އެންޑް ހައިޖިން (ވޮޝް) 
405,1,,,ދަރިވަރުންނާއި މުވައްޒަފުންގެ ފާޚާނާ,1-  ފާޚާނާތައް މަރާމާތުކޮށް ބަލަހައްޓާ,ފާޚާނާތައް މަރާމާތުކުރުން,3.4.1.5,ފެނާއި ފާޚާނާގެ ނިޒާމު ޤާއިމުކުރުން,3.4.1,ފެންވަރު 3.4: ވޯޓަރ، ސެނިޓޭޝަން އެންޑް ހައިޖިން (ވޮޝް) 
406,1,,,ދަރިވަރުންގެ ފާޚާނާ,2- ދަރިވަރުންގެ ފާޚާނާތައް ބޭނުންކުރެވޭ ހާލަތުގައި ހުރޭ ,ފާޚާނާތައް މަރާމާތުކުރުން,3.4.1.5,ފެނާއި ފާޚާނާގެ ނިޒާމު ޤާއިމުކުރުން,3.4.1,ފެންވަރު 3.4: ވޯޓަރ، ސެނިޓޭޝަން އެންޑް ހައިޖިން (ވޮޝް) 
407,1,,,މުވައްޒަފުންގެ ފާޚާނާ,3- މުވައްޒަފުންގެ ފާޚާނާތައް ބޭނުންކުރެވޭ ހާލަތުގައި ހުރޭ,ފާޚާނާތައް މަރާމާތުކުރުން,3.4.1.5,ފެނާއި ފާޚާނާގެ ނިޒާމު ޤާއިމުކުރުން,3.4.1,ފެންވަރު 3.4: ވޯޓަރ، ސެނިޓޭޝަން އެންޑް ހައިޖިން (ވޮޝް) 
408,1,,, އަތްދޮވުމަށް ހަމަޖައްސާފައިވާ ތަންތަން ,1- ސްކޫލުގައި އަތްދޮވެވޭނެ އިންތިޒާމު ހަމަޖައްސައިފައި ވޭ,އަތްދޮވެވޭނެ އިންތިޒާމު ހަމަޖެއްސުމާއި ހޭލުންތެރިކުރުވުން,3.4.1.6,ފެނާއި ފާޚާނާގެ ނިޒާމު ޤާއިމުކުރުން,3.4.1,ފެންވަރު 3.4: ވޯޓަރ، ސެނިޓޭޝަން އެންޑް ހައިޖިން (ވޮޝް) 
410,1,,, އަތްދޮވުމަށް ހަމަޖައްސައިފައިވާ ތަންތަން ,3- އަތްދޮންނަ ގޮތުގެ މަޢުލޫމާތު ފެންނަގޮތަށް ބަހައްޓައިފައި ހުރޭ,އަތްދޮވެވޭނެ އިންތިޒާމު ހަމަޖެއްސުމާއި ހޭލުންތެރިކުރުވުން,3.4.1.6,ފެނާއި ފާޚާނާގެ ނިޒާމު ޤާއިމުކުރުން,3.4.1,ފެންވަރު 3.4: ވޯޓަރ، ސެނިޓޭޝަން އެންޑް ހައިޖިން (ވޮޝް) 
457,1,,,ސްކޫލް ގޯތިތެރެ، ނޯޓިސް ބޯޑް، ސްކޫލް ވެބްސައިޓް ފަދަ ތަންތަން,1- މިޝަންއާއި ވިޝަން ދިވެހިބަހުން ލިޔެފައި ވޭ, ސްކޫލުގެ މިޝަންއާއި ވިޝަން ކަނޑައަޅައި އާންމުކުރުން,5.1.1.1, ސްކޫލުގެ މިޝަންއާއި ވިޝަން ކަނޑައެޅުން,5.1.1,ފެންވަރު 5.1:ދުރަށް ރޭވުމާއި ސްކޫލް ތަރައްގީކުރުން/ކުރިއެރުވުން
458,1,,,ސްކޫލް ގޯތިތެރެ، ނޯޓިސް ބޯޑް، ސްކޫލް ވެބްސައިޓް ފަދަ ތަންތަން,2- މިޝަންއާއި ވިޝަން އިނގިރޭސިބަހުން ލިޔެފައި ވޭ, ސްކޫލުގެ މިޝަންއާއި ވިޝަން ކަނޑައަޅައި އާންމުކުރުން,5.1.1.1, ސްކޫލުގެ މިޝަންއާއި ވިޝަން ކަނޑައެޅުން,5.1.1,ފެންވަރު 5.1:ދުރަށް ރޭވުމާއި ސްކޫލް ތަރައްގީކުރުން/ކުރިއެރުވުން
459,1,,,ސްކޫލް ގޯތިތެރެ، ނޯޓިސް ބޯޑް، ސްކޫލް ވެބްސައިޓް ފަދަ ތަންތަން,3- މިޝަންއާއި ވިޝަން އާންމުކޮށް ފެންނާނެހެން ހުރޭ, ސްކޫލުގެ މިޝަންއާއި ވިޝަން ކަނޑައަޅައި އާންމުކުރުން,5.1.1.1, ސްކޫލުގެ މިޝަންއާއި ވިޝަން ކަނޑައެޅުން,5.1.1,ފެންވަރު 5.1:ދުރަށް ރޭވުމާއި ސްކޫލް ތަރައްގީކުރުން/ކުރިއެރުވުން
499,1,,,ސްކޫލް ގޯތިތެރެ، ނޯޓިސް ބޯޑް، ސްކޫލް ވެބްސައިޓް ފަދަ ތަންތަން,1- އޮގަނައިޒޭޝަނަލް ސްޓްރަކްޗަރ އާންމުކުރުން,މުޢާމަލާތްކުރުމަށް ބޭނުންވާ އިންތިޒާމު ހަމަޖެއްސުން,5.2.1.1,މުޢާމަލާތުކުރުމުގެ އިންތިޒާމު ހަމަޖެއްސުން,5.2.1,ފެންވަރު 5.2: އިދާރީ ހިންގުން
501,1,,,ސްކޫލް ގޯތިތެރެ، ނޯޓިސް ބޯޑް، ސްކޫލް ވެބްސައިޓް ފަދަ ތަންތަން,3- ލައިން އޮފް ކޮމިއުނިކޭޝަން އާންމުކުރުން,މުޢާމަލާތް ކުރުމަށް ބޭނުންވާ އިންތިޒާމު ހަމަޖެއްސުން,5.2.1.1,މުޢާމަލާތުކުރުމުގެ އިންތިޒާމު ހަމަޖެއްސުން,5.2.1,ފެންވަރު 5.2: އިދާރީ ހިންގުން
510,1,,,އަހުލުވެރިކުރި ގޮތެއް (ވެބްސައިޓް، ނޯޓިސް ބޯޑު، ވައިބަރ ގުރޫޕު),3- މިނިސްޓްރީގެ އުސޫލުތަކާއި ސަރކިއުލަރތަކަށް ހުރިހައި މުވައްޒަފުން އަހުލުވެރިކުރޭ,މިނިސްޓްރީގެ އުސޫލުތަކާއި ސަރކިއުލަރތައް ހިއްސާވާ ފަރާތްތަކާ ހިއްސާކޮށް އަހުލުވެރިކުރުން,5.2.2.3,ސްކޫލް ހިއްސާވާ ފަރާތްތަކާ މުޢާމަލާތުކުރުން,5.2.2,ފެންވަރު 5.2: އިދާރީ ހިންގުން
619,1,,,ސްޓާފް ރޫމް / ލީޑިންޓީޗަރުންގެ ރޫމް,1-ލީޑިން ޓީޗަރުން މަސައްކަތްކުރުމަށް އެކަށީގެންވާ ތަނެއް ހަމަޖައްސައިފައި ވޭ,އެކަޑަމިކް އަދި ޓެކްނިކަލް މުވައްޒަފުންނަށް މަސައްކަތްކުރުމަށް އެކަށީގެންވާ ތަނެއް ހަމަޖެއްސުން,5.5.5.1,މުވައްޒަފުންނަށް މަސައްކަތްކުރުމަށް އެކަށީގެންވާ ތަނެއް ހަމަޖައްސައިދިނުން ,5.5.5,ފެންވަރު 5.5: އިދާރީ އިންތިޒާމުތަައް ހަމަޖެއްސުން
620,1,,,ސްޓާފް ރޫމް ,2- މުދައްރިސުން މަސައްކަތްކުރުމަށް އެކަށީގެންވާ ތަނެއް ހަމަޖައްސައިފައި ވޭ,އެކަޑަމިކް އަދި ޓެކްނިކަލް މުވައްޒަފުންނަށް މަސައްކަތްކުރުމަށް އެކަށީގެންވާ ތަނެއް ހަމަޖެއްސުން,5.5.5.1,މުވައްޒަފުންނަށް މަސައްކަތްކުރުމަށް އެކަށީގެންވާ ތަނެއް ހަމަޖައްސައިދިނުން ,5.5.5,ފެންވަރު 5.5: އިދާރީ އިންތިޒާމުތަައް ހަމަޖެއްސުން
621,1,,,އޮފީސް/ ސްޓާފް ރޫމް/ މަސައްކަތް ކުރުމަށް ހަމަޖައްސައިފައިވާ ސްޓޭޝަން,3- ޓެކްނިކަލް މުވައްޒަފުން މަސައްކަތްކުރުމަށް އެކަށީގެންވާ ތަނެއް ހަމަޖައްސައިފައި ވޭ,އެކަޑަމިކް އަދި ޓެކްނިކަލް މުވައްޒަފުންނަށް މަސައްކަތްކުރުމަށް އެކަށީގެންވާ ތަނެއް ހަމަޖެއްސުން,5.5.5.1,މުވައްޒަފުންނަށް މަސައްކަތްކުރުމަށް އެކަށީގެންވާ ތަނެއް ހަމަޖައްސައިދިނުން ,5.5.5,ފެންވަރު 5.5: އިދާރީ އިންތިޒާމުތަައް ހަމަޖެއްސުން
622,1,,,އޮފީސް/ ޕްރިންސިޕަލް ރޫމް/ މަސައްކަތް ކުރުމަށް ހަމަޖައްސާފައިވާ ސްޓޭޝަން,1- ޕްރިންސިޕަލް މަސައްކަތްކުރުމަށް އެކަށީގެންވާ ތަނެއް ހަމަޖައްސައިފައި ވޭ,އިދާރީ މުވައްޒަފުންނަށް މަސައްކަތްކުރުމަށް އެކަށީގެންވާ ތަނެއް ހަމަޖެއްސުން,5.5.5.2,މުވައްޒަފުންނަށް މަސައްކަތްކުރުމަށް އެކަށީގެންވާ ތަނެއް ހަމަޖައްސައިދިނުން ,5.5.5,ފެންވަރު 5.5: އިދާރީ އިންތިޒާމުތަައް ހަމަޖެއްސުން
623,1,,,އޮފީސް/ ޑީޕީ ޕްރިންސިޕަލް ރޫމް/ މަސައްކަތް ކުރުމަށް ހަމަޖައްސާފައިވާ ސްޓޭޝަން,2- ޑެޕިއުޓީ ޕްރިންސިޕަލުން މަސައްކަތްކުރުމަށް އެކަށީގެންވާ ތަނެއް ހަމަޖައްސައިފައި ވޭ,އިދާރީ މުވައްޒަފުންނަށް މަސައްކަތްކުރުމަށް އެކަށީގެންވާ ތަނެއް ހަމަޖެއްސުން,5.5.5.2,މުވައްޒަފުންނަށް މަސައްކަތްކުރުމަށް އެކަށީގެންވާ ތަނެއް ހަމަޖައްސައިދިނުން ,5.5.5,ފެންވަރު 5.5: އިދާރީ އިންތިޒާމުތަައް ހަމަޖެއްސުން
624,1,,,އޮފީސް/ މަސައްކަތް ކުރުމަށް ހަމަޖައްސައިފައިވާ ސްޓޭޝަން,3- އެޑްމިނަސްޓްރޭޓަރ މަސައްކަތްކުރުމަށް އެކަށީގެންވާ ތަނެއް ހަމަޖައްސައިފައި ވޭ,އިދާރީ މުވައްޒަފުންނަށް މަސައްކަތްކުރުމަށް އެކަށީގެންވާ ތަނެއް ހަމަޖެއްސުން,5.5.5.2,މުވައްޒަފުންނަށް މަސައްކަތްކުރުމަށް އެކަށީގެންވާ ތަނެއް ހަމަޖައްސައިދިނުން ,5.5.5,ފެންވަރު 5.5: އިދާރީ އިންތިޒާމުތަައް ހަމަޖެއްސުން
625,1,,,އޮފީސް/ މަސައްކަތް ކުރުމަށް ހަމަޖައްސައިފައިވާ ސްޓޭޝަން,4- އިދާރީ މުވައްޒަފުން މަސައްކަތްކުރުމަށް އެކަށީގެންވާ ތަނެއް ހަމަޖައްސައިފައި ވޭ,އިދާރީ މުވައްޒަފުންނަށް މަސައްކަތްކުރުމަށް އެކަށީގެންވާ ތަނެއް ހަމަޖެއްސުން,5.5.5.2,މުވައްޒަފުންނަށް މަސައްކަތްކުރުމަށް އެކަށީގެންވާ ތަނެއް ހަމަޖައްސައިދިނުން ,5.5.5,ފެންވަރު 5.5: އިދާރީ އިންތިޒާމުތަައް ހަމަޖެއްސުން
626,1,,,މަސައްކަތް ކުރުމަށް ހަމަޖައްސައިފައިވާ ސްޓޭޝަން,5- ސަޕޯޓް ސްޓާފުން ބޭނުންކުރުމަށް ތަނެއް ހަމަޖައްސައިފައި ވޭ,އިދާރީ މުވައްޒަފުންނަށް މަސައްކަތްކުރުމަށް އެކަށީގެންވާ ތަނެއް ހަމަޖެއްސުން,5.5.5.2,މުވައްޒަފުންނަށް މަސައްކަތްކުރުމަށް އެކަށީގެންވާ ތަނެއް ހަމަޖައްސައިދިނުން ,5.5.5,ފެންވަރު 5.5: އިދާރީ އިންތިޒާމުތަައް ހަމަޖެއްސުން
628,1,,,ނަމާދުކުރެވޭނެ އިންތިޒާމު ހަމަޖައްސާފައި ވާތަން ,"1- ސްކޫލުގައި ދަރިވަރުންނަށާއި މުވައްޒަފުންނަށް ނަމާދުކުރެވޭނެ އިންތިޒާމު ހަމަޖައްސައިފައި ވޭ


",ދީނީ ކަންކަން ކުރުމަށް ދަރިވަރުންނާއި މުވައްޒަފުންނަށް ބާރުއެޅުން,5.6.1.1,އިސްލާމީ ރިވެތި ސިފަތަކާއި އާދަތައް ދަސްކޮށްދިނުމަށް މަސައްކަތްކުރުން,5.6.1,ފެންވަރު 5.6: ޢަޤީދާ ހަރުދަނާކޮށް، ޤައުމިއްޔަތު ދިރުވައި، އިސްލާމީ ރިވެތި ސިފަތަކާއި އާދަތައް ހަރުލެއްވުން
655,1,,,ސްކޫލް ގޯތިތެރި,2- ދަރިވަރުން ޝައުޤުވެރިވާ ގޮތަށް ސްކޫލް މާހައުލު ފަރުމާކޮށްފައި ވޭ,ދަރިވަރުން  ސްކޫލަށް ލޯބިޖެއްސުމަށާއި، ސްކޫލަކީ ދަރިވަރުން އަންނަހިތުން އަންނަ ތަނެއްކަމުގައި ހެދުމަށް މަސައްކަތްކުރުން,5.7.1.4, އަމާން މާހައުލެއް ގާއިމުކުރުން,5.7.1,ފެންވަރު 5.7: އިންސާނީ ޙައްޤުތައް ރައްކައުތެރިކުރުން
668,1,,ކުޅިވަރު ކުޅޭ ތަކެތީގެ އިންވެންޓްރީ,ކުޅިވަރު ކުޅޭ ތަކެތި ބަހައްޓާ ތަން,2-  ކުޅިވަރު ހަރަކާތް ހިންގުމަށް ބޭނުންވާ ވަރަށް، ބޭނުންކުރެވޭ ހާލަތުގައި ކުޅިވަރު ކުޅޭ ތަކެތި ހުރޭ,ކުޅިވަރު ހަރަކާތްތައް  ސްކޫލުގައި ހިންގުން,5.8.2.3,ކޯކަރިކިޔުލަރ ހަރަކާތްތައް ހިންގުން,5.8.2,ފެންވަރު 5.8: ޞިއްޙަތާއި ކުޅިވަރު ހަރަކާތްތައް ކުރިއަށް ގެންދިއުން
669,1,,, ތަކެތި ދޫކުރާ ރިކޯޑް، ކުޅިވަރު ކުޅޭ ތަކެތި ބަހައްޓާ ތަން,3- ކުޅިވަރު ކުޅޭ ތަކެތި ފަސޭހައިން ލިބޭނެ އިންތިޒާމު ހަމަޖައްސައިފައި ވޭ,ކުޅިވަރު ހަރަކާތްތައް  ސްކޫލުގައި ހިންގުން,5.8.2.3,ކޯކަރިކިޔުލަރ ހަރަކާތްތައް ހިންގުން,5.8.2,ފެންވަރު 5.8: ޞިއްޙަތާއި ކުޅިވަރު ހަރަކާތްތައް ކުރިއަށް ގެންދިއުން