,ލިޔެކިޔުމުން ބަލާނެކަންތައްތައް - ބަޖެޓް - ފައިނާންސް - ސްޓޮކާ ގުޅޭ,,,,,,,,,
,ބަޖެޓް - ފައިނާންސް - ސްޓޮކް,,,,,,,,,
IndicatorCode,Score,ސުވާލުކުރާނެ ފަރާތް,Evidence,General Observation,Indicators,Outcomes,OutcomeNo,Substrand,SubstrandNo,StrandNo and Strand
676,1,ފައިނޭންސް ފޯކަލް/އެޑްމިނިސްޓްރޭޓަރ,,ތިޖޫރީ,1- ސްކޫލުގައި ހުރި ހުރިހައި ނަގުދު ފައިސާއާއި ބޭންކް ޗެކްތައް ތިޖޫރީގައި ރައްކާކުރޭ,ތިޖޫޫރީ ބެލެހެއްޓުން,5.9.1.1,ތިޖޫރީއާ ގުޅޭ ކަންކަން އުސޫލުތަކާ އެއްގޮތަށް ބެލެހެއްޓުން,5.9.1,ފެންވަރު 5.9: ބަޖެޓާ ގުޅޭ ކަންކަން ބެލެހެއްޓުން
677,1,ފައިނޭންސް ފޯކަލް/އެޑްމިނިސްޓްރޭޓަރ,ޑިޕޮސިޓް ސްލިޕްސް,,2- ތިޖޫރީގައި ބަހައްޓާ ފައިސާ، މަހަކު އެއްފަހަރު ބޭންކް އެކައުންޓަށް ޖަމާކުރޭ,ތިޖޫޫރީ ބެލެހެއްޓުން,5.9.1.1,ތިޖޫރީއާ ގުޅޭ ކަންކަން އުސޫލުތަކާ އެއްގޮތަށް ބެލެހެއްޓުން,5.9.1,ފެންވަރު 5.9: ބަޖެޓާ ގުޅޭ ކަންކަން ބެލެހެއްޓުން
678,1,ފައިނޭންސް ފޯކަލް/އެޑްމިނިސްޓްރޭޓަރ,,އިންތިޒާމު ބެލުން,3- ތިޖޫރީގެ ތަޅުދަނޑި ރައްކާތެރިކަމާއެކު ބަލަހައްޓާ,ތިޖޫޫރީ ބެލެހެއްޓުން,5.9.1.1,ތިޖޫރީއާ ގުޅޭ ކަންކަން އުސޫލުތަކާ އެއްގޮތަށް ބެލެހެއްޓުން,5.9.1,ފެންވަރު 5.9: ބަޖެޓާ ގުޅޭ ކަންކަން ބެލެހެއްޓުން
679,1,ފައިނޭންސް ފޯކަލް/އެޑްމިނިސްޓްރޭޓަރ,ތިޖޫރި ބާކީ ފޮތުން,,"1- ތިޖޫރީގައި ބަހައްޓާ ފައިސާގެ މަޢުލޫމާތު ""ތިޖޫރި ބާކީ ފޮތުން"" އަދާހަމަކުރަމުން ދޭ",ތިޖޫރީއާ ގުޅޭ ކަންކަމުގެ ލިޔެކިޔުންތައް ބެލެހެއްޓުން,5.9.1.2,ތިޖޫރީއާ ގުޅޭ ކަންކަން އުސޫލުތަކާ އެއްގޮތަށް ބެލެހެއްޓުން,5.9.1,ފެންވަރު 5.9: ބަޖެޓާ ގުޅޭ ކަންކަން ބެލެހެއްޓުން
680,1,ފައިނޭންސް ފޯކަލް/އެޑްމިނިސްޓްރޭޓަރ,ތިޖޫރީ ރިޕޯޓު,,2- މަހަކު އެއްފަހަރު  ތިޖޫރީ ރިޕޯޓު ތައްޔާރުކުރޭ,ތިޖޫރީއާ ގުޅޭ ކަންކަމުގެ ލިޔެކިޔުންތައް ބެލެހެއްޓުން,5.9.1.2,ތިޖޫރީއާ ގުޅޭ ކަންކަން އުސޫލުތަކާ އެއްގޮތަށް ބެލެހެއްޓުން,5.9.1,ފެންވަރު 5.9: ބަޖެޓާ ގުޅޭ ކަންކަން ބެލެހެއްޓުން
681,1,ފައިނޭންސް ފޯކަލް/އެޑްމިނިސްޓްރޭޓަރ,މެއިލް/ތިޖޫރީ ރިޕޯޓު,,3- ތިޖޫރީ ރިޕޯޓުތައް މިނިސްޓްރީ އޮފް އެޑިޔުކޭޝަނަށް/ފިނޭންސް މިނިސްޓްރީއަށް ފޮނުވާ,ތިޖޫރީއާ ގުޅޭ ކަންކަމުގެ ލިޔެކިޔުންތައް ބެލެހެއްޓުން,5.9.1.2,ތިޖޫރީއާ ގުޅޭ ކަންކަން އުސޫލުތަކާ އެއްގޮތަށް ބެލެހެއްޓުން,5.9.1,ފެންވަރު 5.9: ބަޖެޓާ ގުޅޭ ކަންކަން ބެލެހެއްޓުން
682,1,ފައިނޭންސް ފޯކަލް/އެޑްމިނިސްޓްރޭޓަރ,ފައިސާ ބަލައިގަންނަ ރަސީދު ފޮތް,,1- ފައިސާ ބަލައިގަތުމުގައި ރަސީދު ތައްޔާރުކުރޭ,ފައިސާ ބަލައިގަތުމުގައި ރަސީދު ބޭނުންކުރުން,5.9.2.1,  ފައިސާ ބަލައިގަތުން,5.9.2,ފެންވަރު 5.9: ބަޖެޓާ ގުޅޭ ކަންކަން ބެލެހެއްޓުން
683,1,ފައިނޭންސް ފޯކަލް/އެޑްމިނިސްޓްރޭޓަރ,ފައިސާ ބަލައިގަންނަ ރަސީދު ފޮތް/ލިބޭ ފައިސާ ފޮތް,,"2- ރަސީދުތަކުގެ ނަންބަރު ތަރުތީބުން ""ލިބޭ ފައިސާގެ ފޮތަށް"" އަރުވާ",ފައިސާ ބަލައިގަތުމުގައި ރަސީދު ބޭނުންކުރުން,5.9.2.1,  ފައިސާ ބަލައިގަތުން,5.9.2,ފެންވަރު 5.9: ބަޖެޓާ ގުޅޭ ކަންކަން ބެލެހެއްޓުން
684,1,ފައިނޭންސް ފޯކަލް/އެޑްމިނިސްޓްރޭޓަރ,ފައިނޭންސް/އެޑްމިން,,3- ފައިސާ ބަލައިގަތުމަށް ފަހު ރަސީދު ދޫކުރޭ,ފައިސާ ބަލައިގަތުމުގައި ރަސީދު ބޭނުންކުރުން,5.9.2.1,  ފައިސާ ބަލައިގަތުން,5.9.2,ފެންވަރު 5.9: ބަޖެޓާ ގުޅޭ ކަންކަން ބެލެހެއްޓުން
685,1,ފައިނޭންސް ފޯކަލް/އެޑްމިނިސްޓްރޭޓަރ,,ޕޯޓަލް ބޭނުންކުރަން އެނގޭތޯ ބެލުން,1- ބަނޑޭރި ޕޭ އަށް މުވައްޒަފުން އަހުލުވެރިކުރުވާ,ބަނޑޭރި ޕޭ އިން ފައިސާ ބަލައިގަތުން,5.9.2.2,  ފައިސާ ބަލައިގަތުން,5.9.2,ފެންވަރު 5.9: ބަޖެޓާ ގުޅޭ ކަންކަން ބެލެހެއްޓުން
686,1,ފައިނޭންސް ފޯކަލް/އެޑްމިނިސްޓްރޭޓަރ,,ޕޯޯޓަލް,2- ބަނޑޭރި ޕޭ އިން ސްކޫލަށް ލިބޭ އާމްދަނީ ފައިސާ ބަލައިގަނޭ,ބަނޑޭރި ޕޭ އިން ފައިސާ ބަލައިގަތުން,5.9.2.2,  ފައިސާ ބަލައިގަތުން,5.9.2,ފެންވަރު 5.9: ބަޖެޓާ ގުޅޭ ކަންކަން ބެލެހެއްޓުން
687,1,ފައިނޭންސް ފޯކަލް/އެޑްމިނިސްޓްރޭޓަރ,މެއިލް ,,3- ބަނޑޭރި ޕޭ ރިޕޯޓާއި ޖާރނަލް ވައުޗަރ މިނިސްޓްރީގެ ފައިނޭންސް ޑިވިޜަނަށް ފޮނުވާ (ހަމައެކަނި މާލޭ ސުކޫޅްސް),ބަނޑޭރި ޕޭ އިން ފައިސާ ބަލައިގަތުން,5.9.2.2,  ފައިސާ ބަލައިގަތުން,5.9.2,ފެންވަރު 5.9: ބަޖެޓާ ގުޅޭ ކަންކަން ބެލެހެއްޓުން
688,1,ފައިނޭންސް ފޯކަލް/އެޑްމިނިސްޓްރޭޓަރ,ޕީޓީއޭ ފައިސާގެ ތަފްޞީލް/ޑިޕޮސިޓް ސްލިޕް,,1- ޕީޓީއޭގެ ހަރަކާތްތަކުން ސްކޫލަށް ލިބޭ ފައިސާ އެކައުންޓަށް ޖަމާކުރޭ,އެހެނިހެން ފައިސާ ބަލައިގަތުމާއި  އެކައުންޓަށް ޖަމާކުރުން,5.9.2.3,  ފައިސާ ބަލައިގަތުން,5.9.2,ފެންވަރު 5.9: ބަޖެޓާ ގުޅޭ ކަންކަން ބެލެހެއްޓުން
689,1,ފައިނޭންސް ފޯކަލް/އެޑްމިނިސްޓްރޭޓަރ,ލިބޭ ފައިސާގެ ތަފްޞީލް/ޑިޕޮސިޓް ސްލިޕް,,2- އެކިއެކި ހަރަކާތްތަކުން ސްކޫލަށް ލިބޭ ފައިސާ  އެކައުންޓަށް ޖަމާކުރޭ,އެހެނިހެން ފައިސާ ބަލައިގަތުމާއި  އެކައުންޓަށް ޖަމާކުރުން,5.9.2.3,  ފައިސާ ބަލައިގަތުން,5.9.2,ފެންވަރު 5.9: ބަޖެޓާ ގުޅޭ ކަންކަން ބެލެހެއްޓުން
690,1,ފައިނޭންސް ފޯކަލް/އެޑްމިނިސްޓްރޭޓަރ,ޕީޓީއޭ ފައިސާގެ ތަފްޞީލް/ޑިޕޮސިޓް ސްލިޕް,,3- އެހީގެ ގޮތުގައި ސްކޫލަށް ލިބޭ ފައިސާ  އެކައުންޓަށް ޖަމާކުރޭ,އެހެނިހެން ފައިސާ ބަލައިގަތުމާއި  އެކައުންޓަށް ޖަމާކުރުން,5.9.2.3,  ފައިސާ ބަލައިގަތުން,5.9.2,ފެންވަރު 5.9: ބަޖެޓާ ގުޅޭ ކަންކަން ބެލެހެއްޓުން
694,1,ފައިނޭންސް ފޯކަލް/އެޑްމިނިސްޓްރޭޓަރ,މުސާރައާ ގުޅޭ ލިޔެކިއުންތައް,,1- މުސާރައާ ގުޅޭ ލިޔެކިޔުންތައް (ޙާޟިރީ ރިޕޯޓު،މުސާރަ ޝީޓު، އިތުރު ގަޑީގެ ރިޕޯޓު، ގަޑީ ލާރީގެ ރިޕޯޓު، ކްރެޑިޓް ސްކީމްތަކުގެ ރިޕޯޓު) ފުރިހަމަކުރޭ,މުސާރަ ވައުޗަރާއެކު ހުންނަންޖެހޭ ލިޔެކިއުންތައް އެޓޭޗްކޮށް ފައިލްކުރުން,5.9.4.1,މުސާރަ ވައުޗަރާ ގުޅޭ ލިޔެކިޔުންތައް ބެލެހެއްޓުން,5.9.4,ފެންވަރު 5.9: ބަޖެޓާ ގުޅޭ ކަންކަން ބެލެހެއްޓުން
695,1,ފައިނޭންސް ފޯކަލް/އެޑްމިނިސްޓްރޭޓަރ,މުސާރައާ ގުޅޭ ލިޔެކިއުންތައް,,2- ސޮއިކުރަންޖެހޭ ފަރާތްތަކުން ސޮއިކޮށްފައި ވޭ,މުސާރަ ވައުޗަރާއެކު ހުންނަންޖެހޭ ލިޔެކިއުންތައް އެޓޭޗްކޮށް ފައިލްކުރުން,5.9.4.1,މުސާރަ ވައުޗަރާ ގުޅޭ ލިޔެކިޔުންތައް ބެލެހެއްޓުން,5.9.4,ފެންވަރު 5.9: ބަޖެޓާ ގުޅޭ ކަންކަން ބެލެހެއްޓުން
696,1,ފައިނޭންސް ފޯކަލް/އެޑްމިނިސްޓްރޭޓަރ,މުސާރައާ ގުޅޭ ލިޔެކިއުންތައް,,3- މުސާރައާ ގުޅޭ ލިޔެކިޔުންތައް ތަރުތީބުކޮށް ފައިލުކުރޭ,މުސާރަ ވައުޗަރާއެކު ހުންނަންޖެހޭ ލިޔެކިއުންތައް އެޓޭޗްކޮށް ފައިލްކުރުން,5.9.4.1,މުސާރަ ވައުޗަރާ ގުޅޭ ލިޔެކިޔުންތައް ބެލެހެއްޓުން,5.9.4,ފެންވަރު 5.9: ބަޖެޓާ ގުޅޭ ކަންކަން ބެލެހެއްޓުން
697,1,ފައިނޭންސް ފޯކަލް/އެޑްމިނިސްޓްރޭޓަރ,ހުއްދަ ދޭ ފޯމް/ފޮތް,,1- އިތުރުގަޑީގެ މަސައްކަތްކުރުމުގެ ކުރިން ސުޕަވައިޒަރުގެ ހުއްދަ ހޯދާ, ޤަވާޢިދާ އެއްގޮތަށް އިތުރު ގަޑީގެ ފައިސާ ދިނުން,5.9.5.1,އިތުރު ގަޑީގެ ފައިސާ ދިނުން,5.9.5,ފެންވަރު 5.9: ބަޖެޓާ ގުޅޭ ކަންކަން ބެލެހެއްޓުން
698,1,ފައިނޭންސް ފޯކަލް/އެޑްމިނިސްޓްރޭޓަރ,މުސާާރަ ޝީޓް,,2-  މުސާރައިގެ %10 އަށް ވުރެ އިތުރު ނުވާ ގޮތަށް ކޮންޓްރެކްޓް މުވައްޒަފުންނަށް އިތުރު ގަޑީގެ ފައިސާ ދޭ, ޤަވާޢިދާ އެއްގޮތަށް އިތުރު ގަޑީގެ ފައިސާ ދިނުން,5.9.5.1,އިތުރު ގަޑީގެ ފައިސާ ދިނުން,5.9.5,ފެންވަރު 5.9: ބަޖެޓާ ގުޅޭ ކަންކަން ބެލެހެއްޓުން
699,1,ފައިނޭންސް ފޯކަލް/އެޑްމިނިސްޓްރޭޓަރ,ހުއްދަ ދޭ ފޯމް/ފޮތް/އިތުރު ގަޑީގެ ރިޕޯޓު,,3- އިތުރު ގަޑީގައި މަސައްކަތްކުރި ގޮތުގެ ރެކޯޑުތައް ބަލަހައްޓާ, ޤަވާޢިދާ އެއްގޮތަށް އިތުރު ގަޑީގެ ފައިސާ ދިނުން,5.9.5.1,އިތުރު ގަޑީގެ ފައިސާ ދިނުން,5.9.5,ފެންވަރު 5.9: ބަޖެޓާ ގުޅޭ ކަންކަން ބެލެހެއްޓުން
703,1,ފައިނޭންސް ފޯކަލް/އެޑްމިނިސްޓްރޭޓަރ,ކޯޓޭޝަން,,1- ތިންފަރާތުގެ ކޯޓޭޝަން ހޯދާ,35000ރ. އަށް ވުރެ ދަށުގެ މުދަލާއި ޚިދުމަތް  ޤަވާޢިދާ އެއްގޮތަށް ހޯދުން,5.9.7.1,މުދަލާއި ޚިދުމަތް ހޯދުމާ ގުޅޭ ކަންކަން ޤަވާޢިދާ އެއްގޮތަށް ކުރިއަށްގެންދިއުން,5.9.7,ފެންވަރު 5.9: ބަޖެޓާ ގުޅޭ ކަންކަން ބެލެހެއްޓުން
704,1,ފައިނޭންސް ފޯކަލް/އެޑްމިނިސްޓްރޭޓަރ,ކޯޓޭޝަން/އިވެލުއޭޝަން ފޯމް,,"
2- އެންމެ ކުޑަ އަގެއް ހުށަހެޅި ފަރާތުން މުދަލާއި ޚިދުމަތް ހޯދާ",35000ރ. އަށް ވުރެ ދަށުގެ މުދަލާއި ޚިދުމަތް  ޤަވާޢިދާ އެއްގޮތަށް ހޯދުން,5.9.7.1,މުދަލާއި ޚިދުމަތް ހޯދުމާ ގުޅޭ ކަންކަން ޤަވާޢިދާ އެއްގޮތަށް ކުރިއަށްގެންދިއުން,5.9.7,ފެންވަރު 5.9: ބަޖެޓާ ގުޅޭ ކަންކަން ބެލެހެއްޓުން
705,1,ފައިނޭންސް ފޯކަލް/އެޑްމިނިސްޓްރޭޓަރ,ހުއްދަދިންކަމުގެ ލިޔުން,,"
3- ސަރުކާރު ރޭޓަށް ވުރެ އަގު ބޮޑު ނަމަ ފިނޭންސް މިނިސްޓްރީގެ ހުއްދަ ހޯދާ",35000ރ. އަށް ވުރެ ދަށުގެ މުދަލާއި ޚިދުމަތް  ޤަވާޢިދާ އެއްގޮތަށް ހޯދުން,5.9.7.1,މުދަލާއި ޚިދުމަތް ހޯދުމާ ގުޅޭ ކަންކަން ޤަވާޢިދާ އެއްގޮތަށް ކުރިއަށްގެންދިއުން,5.9.7,ފެންވަރު 5.9: ބަޖެޓާ ގުޅޭ ކަންކަން ބެލެހެއްޓުން
706,1,ފައިނޭންސް ފޯކަލް/އެޑްމިނިސްޓްރޭޓަރ,ހުއްދަ ހޯދިކަމުގެ ލިޔުން,,1- ކެޕިޓަލް/ މަރާމާތު ހުއްދަ ހޯދާ,35000ރ. އަށް ވުރެ މަތީގެ މުދަލާއި ޚިދުމަތް  ޤަވާޢިދާ އެއްގޮތަށް ހޯދުން,5.9.7.2,މުދަލާއި ޚިދުމަތް ހޯދުމާ ގުޅޭ ކަންކަން ޤަވާޢިދާ އެއްގޮތަށް ކުރިއަށްގެންދިއުން,5.9.7,ފެންވަރު 5.9: ބަޖެޓާ ގުޅޭ ކަންކަން ބެލެހެއްޓުން
707,1,ފައިނޭންސް ފޯކަލް/އެޑްމިނިސްޓްރޭޓަރ,ގެޒެޓް އިއުލާން,,2- މުދަލާ ޚިދުމަތް ހޯދުމަށް އާންމުކޮށް(ގެޒެޓުގައި) އިއުލާނުކުރޭ,35000ރ. އަށް ވުރެ މަތީގެ މުދަލާއި ޚިދުމަތް  ޤަވާޢިދާ އެއްގޮތަށް ހޯދުން,5.9.7.2,މުދަލާއި ޚިދުމަތް ހޯދުމާ ގުޅޭ ކަންކަން ޤަވާޢިދާ އެއްގޮތަށް ކުރިއަށްގެންދިއުން,5.9.7,ފެންވަރު 5.9: ބަޖެޓާ ގުޅޭ ކަންކަން ބެލެހެއްޓުން
708,1,ފައިނޭންސް ފޯކަލް/އެޑްމިނިސްޓްރޭޓަރ,ބިޑު ކޮމިޓީއިން ނިންމިކަމުގެ ލިޔުން އަދިި އެއްބަސްވުން,,"
3- މުދަލާ ޚިދުމަތް ހޯދުމުގެ ކުރިން ބިޑު ކޮމިޓީއިން ( ފިނޭންސް މިނިސްޓްރީގައި ރެޖިސްޓަރ ކޮށްފައިވާ) ފާސްކުރޭ",35000ރ. އަށް ވުރެ މަތީގެ މުދަލާއި ޚިދުމަތް  ޤަވާޢިދާ އެއްގޮތަށް ހޯދުން,5.9.7.2,މުދަލާއި ޚިދުމަތް ހޯދުމާ ގުޅޭ ކަންކަން ޤަވާޢިދާ އެއްގޮތަށް ކުރިއަށްގެންދިއުން,5.9.7,ފެންވަރު 5.9: ބަޖެޓާ ގުޅޭ ކަންކަން ބެލެހެއްޓުން
709,1,ފައިނޭންސް ފޯކަލް/އެޑްމިނިސްޓްރޭޓަރ,ސޮއިކޮށްފައިވާ އެއްބަސްވުން,,4- މުދަލާ ޚިދުމަތް ހޯދުމަށް އެއްބަސްވުން ހަދާ,35000ރ. އަށް ވުރެ މަތީގެ މުދަލާއި ޚިދުމަތް  ޤަވާޢިދާ އެއްގޮތަށް ހޯދުން,5.9.7.2,މުދަލާއި ޚިދުމަތް ހޯދުމާ ގުޅޭ ކަންކަން ޤަވާޢިދާ އެއްގޮތަށް ކުރިއަށްގެންދިއުން,5.9.7,ފެންވަރު 5.9: ބަޖެޓާ ގުޅޭ ކަންކަން ބެލެހެއްޓުން
710,1,ފައިނޭންސް ފޯކަލް/އެޑްމިނިސްޓްރޭޓަރ,އެ ފަދަ މަސައްކަތްތަކުގެ ލިޔެކިއުންތައް,,5- އިއުލާންކޮށްގެން ސްކޫލުގައި ކޮށްފައިވާ މަސައްކަތްތަކުގެ ހުރިހައި ލިއެކިއުންތަކެއް ބަލަހައްޓައިފައި ވޭ,35000ރ. އަށް ވުރެ މަތީގެ މުދަލާއި ޚިދުމަތް  ޤަވާޢިދާ އެއްގޮތަށް ހޯދުން,5.9.7.2,މުދަލާއި ޚިދުމަތް ހޯދުމާ ގުޅޭ ކަންކަން ޤަވާޢިދާ އެއްގޮތަށް ކުރިއަށްގެންދިއުން,5.9.7,ފެންވަރު 5.9: ބަޖެޓާ ގުޅޭ ކަންކަން ބެލެހެއްޓުން
711,1,ފައިނޭންސް ފޯކަލް/އެޑްމިނިސްޓްރޭޓަރ,ކޯޓޭޝަން,,1- 2000 އާ 35000ރ ދެމެދު ނަމަ މަދުވެގެން 3 ފަރާތެއްގެ ކޯޓޭޝަން ހޯދާ,މާލިއްޔަތު ޤަވާޢިދާ އެއްގޮތަށް ސްކޫލުން ތަންތަން ކުއްޔަށް ހިފުން,5.9.7.3,މުދަލާއި ޚިދުމަތް ހޯދުމާ ގުޅޭ ކަންކަން ޤަވާޢިދާ އެއްގޮތަށް ކުރިއަށްގެންދިއުން,5.9.7,ފެންވަރު 5.9: ބަޖެޓާ ގުޅޭ ކަންކަން ބެލެހެއްޓުން
712,1,ފައިނޭންސް ފޯކަލް/އެޑްމިނިސްޓްރޭޓަރ,މިނިސްޓްރީގެ ހުއްދަ އަދި ޢިއުލާނު,,2- 35000ރ އަށް ވުރެ މަތި ނަމަ މިނިސްޓްރީ އޮފް އެޑިއުކޭޝަނުގެ ހުއްދައާއެކު ޢިއުލާނުކުރޭ,މާލިއްޔަތު ޤަވާޢިދާ އެއްގޮތަށް ސްކޫލުން ތަންތަން ކުއްޔަށް ހިފުން,5.9.7.3,މުދަލާއި ޚިދުމަތް ހޯދުމާ ގުޅޭ ކަންކަން ޤަވާޢިދާ އެއްގޮތަށް ކުރިއަށްގެންދިއުން,5.9.7,ފެންވަރު 5.9: ބަޖެޓާ ގުޅޭ ކަންކަން ބެލެހެއްޓުން
713,1,ފައިނޭންސް ފޯކަލް/އެޑްމިނިސްޓްރޭޓަރ,އަެއްބަސްވުން,,3- ވެރިފަރާތާއެކު އެއްބަސްވުން ހަދާ,މާލިއްޔަތު ޤަވާޢިދާ އެއްގޮތަށް ސްކޫލުން ތަންތަން ކުއްޔަށް ހިފުން,5.9.7.3,މުދަލާއި ޚިދުމަތް ހޯދުމާ ގުޅޭ ކަންކަން ޤަވާޢިދާ އެއްގޮތަށް ކުރިއަށްގެންދިއުން,5.9.7,ފެންވަރު 5.9: ބަޖެޓާ ގުޅޭ ކަންކަން ބެލެހެއްޓުން
714,1,ފައިނޭންސް ފޯކަލް/އެޑްމިނިސްޓްރޭޓަރ,ބަޖެޓު ރިޕޯޓު,,1- މަހުން މަހަށް ތައްޔާރުކުރަންޖެހޭ ބަޖެޓު ރިޕޯޓު ތައްޔާރުކުރޭ,ބަަޖެޓު ރިޕޯޓު ތައްޔާރުކުރުން,5.9.8.1,ފައިސާއާ ގުޅޭ ލިޔެކިޔުންތައް އަދާހަމަކޮށް ބެލެހެއްޓުން,5.9.8,ފެންވަރު 5.9: ބަޖެޓާ ގުޅޭ ކަންކަން ބެލެހެއްޓުން
715,1,ފައިނޭންސް ފޯކަލް/އެޑްމިނިސްޓްރޭޓަރ,ބަޖެޓު ރިޕޯޓު,,2- ބަޖެޓު ރިޕޯޓުގައި (ތައްޔާރުކުރި، ޗެކްކުރި އަދި ހުއްދަ ދެއްވި ވެރިއެއްގެ) ސޮއިކޮށްފައި ވޭ,ބަަޖެޓު ރިޕޯޓު ތައްޔާރުކުރުން,5.9.8.1,ފައިސާއާ ގުޅޭ ލިޔެކިޔުންތައް އަދާހަމަކޮށް ބެލެހެއްޓުން,5.9.8,ފެންވަރު 5.9: ބަޖެޓާ ގުޅޭ ކަންކަން ބެލެހެއްޓުން
716,1,ފައިނޭންސް ފޯކަލް/އެޑްމިނިސްޓްރޭޓަރ,މިނިސްޓްރީއަށް ފޮނުވާފައިވާ މެއިލް/ރިޕޯޓް,,3- ބަޖެޓް ރިޕޯޓު މަހުން މަހަށް މިނިސްޓްރީއަށް ފޮނުވާ,ބަަޖެޓް ރިޕޯޓު ތައްޔާރުކުރުން,5.9.8.1,ފައިސާއާ ގުޅޭ ލިޔެކިޔުންތައް އަދާހަމަކޮށް ބެލެހެއްޓުން,5.9.8,ފެންވަރު 5.9: ބަޖެޓާ ގުޅޭ ކަންކަން ބެލެހެއްޓުން
717,1,ފައިނޭންސް ފޯކަލް/އެޑްމިނިސްޓްރޭޓަރ,ބަޖެޓު ރިޕޯޓު,,1- ބަަޖެޓް ރިޕޯޓު ތައްޔާރުކޮށްފައި ވޭ,ރިޕޯޓު ތައްޔާރުކުރުމާއި މިނިސްޓްރީއަށް ފޮނުވުން,5.9.8.2,ފައިސާއާ ގުޅޭ ލިޔެކިޔުންތައް އަދާހަމަކޮށް ބެލެހެއްޓުން,5.9.8,ފެންވަރު 5.9: ބަޖެޓާ ގުޅޭ ކަންކަން ބެލެހެއްޓުން
718,1,ފައިނޭންސް ފޯކަލް/އެޑްމިނިސްޓްރޭޓަރ,ލިބޭ ފައިސާގެ ރިޕޯޓު,,2- ސްކޫލަށް ލިބޭ ފައިސާގެ ރިޕޯޓު ތައްޔާރުކޮށްފައި ވޭ,ރިޕޯޓު ތައްޔާރުކުރުމާއި މިނިސްޓްރީއަށް ފޮނުވުން,5.9.8.2,ފައިސާއާ ގުޅޭ ލިޔެކިޔުންތައް އަދާހަމަކޮށް ބެލެހެއްޓުން,5.9.8,ފެންވަރު 5.9: ބަޖެޓާ ގުޅޭ ކަންކަން ބެލެހެއްޓުން
719,1,ފައިނޭންސް ފޯކަލް/އެޑްމިނިސްޓްރޭޓަރ,ދައުލަތުގެ އާމްދަނީ ރިޕޯޓު,,3- ދައުލަތުގެ އާމްދަނީ ރިޕޯޓު ތައްޔާރުކޮށްފައި ވޭ,ރިޕޯޓު ތައްޔާރުކުރުމާއި މިނިސްޓްރީއަށް ފޮނުވުން,5.9.8.2,ފައިސާއާ ގުޅޭ ލިޔެކިޔުންތައް އަދާހަމަކޮށް ބެލެހެއްޓުން,5.9.8,ފެންވަރު 5.9: ބަޖެޓާ ގުޅޭ ކަންކަން ބެލެހެއްޓުން
720,1,ފައިނޭންސް ފޯކަލް/އެޑްމިނިސްޓްރޭޓަރ,ރިޕޯޓްތައް,,4- ރިޕޯޓުތަކުގައި (ތައްޔާރު ކުރި، ޗެކްކުރި އަދި ހުއްދަ ދެއްވި ވެރިއެއްގެ) ސޮއިކޮށްފައި ވޭ,ރިޕޯޓު ތައްޔާރުކުރުމާއި މިނިސްޓްރީއަށް ފޮނުވުން,5.9.8.2,ފައިސާއާ ގުޅޭ ލިޔެކިޔުންތައް އަދާހަމަކޮށް ބެލެހެއްޓުން,5.9.8,ފެންވަރު 5.9: ބަޖެޓާ ގުޅޭ ކަންކަން ބެލެހެއްޓުން
721,1,ފައިނޭންސް ފޯކަލް/އެޑްމިނިސްޓްރޭޓަރ,މިނިސްޓްރީއަށް ފޮނުވާފައިވާ މެއިލް/ރިޕޯޓް,,5- ރިޕޯޓުތައް ޤަވާއިދުން މިނިސްޓްރީއަށް ފޮނުވާ,ރިޕޯޓް ތައްޔާރުކުރުމާއި މިނިސްޓްރީއަށް ފޮނުވުން,5.9.8.2,ފައިސާއާ ގުޅޭ ލިޔެކިޔުންތައް އަދާހަމަކޮށް ބެލެހެއްޓުން,5.9.8,ފެންވަރު 5.9: ބަޖެޓާ ގުޅޭ ކަންކަން ބެލެހެއްޓުން
722,1,ފައިނޭންސް ފޯކަލް/އެޑްމިނިސްޓްރޭޓަރ,ބިލް ރަޖިސްޓްރީ/ޕޭމަންޓް ވައުޗަރު ރަޖިސްޓްރީ,,"1- ސްކޫލުން ""ބިލް ރަޖިސްޓްރީ"" އާއި ""ޕޭމަންޓް ވައުޗަރު ރަޖިސްޓްރީ"" ބަލަހައްޓާ","ސްކޫލުން ""ބިލް ރަޖިސްޓްރީ""  އާއި ""ޕޭމަންޓް ވައުޗަރު ރަޖިސްޓްރީ""  ބެލެހެއްޓުން",5.9.8.3,ފައިސާއާ ގުޅޭ ލިޔެކިޔުންތައް އަދާހަމަކޮށް ބެލެހެއްޓުން,5.9.8,ފެންވަރު 5.9: ބަޖެޓާ ގުޅޭ ކަންކަން ބެލެހެއްޓުން
723,1,ފައިނޭންސް ފޯކަލް/އެޑްމިނިސްޓްރޭޓަރ,ޕޭމަންޓް ވައުޗަރ,,2- ޕޭމަންޓް ވައުޗަރުތަކުގައި ތަރުތީބުން ވައުޗަރ ނަމްބަރު ޖަހައިފައި ވޭ,"ސްކޫލުން ""ބިލް ރަޖިސްޓްރީ""  އާއި ""ޕޭމަންޓް ވައުޗަރު ރަޖިސްޓްރީ""  ބެލެހެއްޓުން",5.9.8.3,ފައިސާއާ ގުޅޭ ލިޔެކިޔުންތައް އަދާހަމަކޮށް ބެލެހެއްޓުން,5.9.8,ފެންވަރު 5.9: ބަޖެޓާ ގުޅޭ ކަންކަން ބެލެހެއްޓުން
724,1,ފައިނޭންސް ފޯކަލް/އެޑްމިނިސްޓްރޭޓަރ,ޕޭމަންޓް ވައުޗަރ,,3- ޕޭމަންޓް ވައުޗަރުތަކުގައި ސޮއިކުރަންޖެހޭ ހުރިހައި ފަރާތްތަކުން ސޮއި ކޮށްފައިވޭ,"ސްކޫލުން ""ބިލް ރަޖިސްޓްރީ""  އާއި ""ޕޭމަންޓް ވައުޗަރު ރަޖިސްޓްރީ""  ބެލެހެއްޓުން",5.9.8.3,ފައިސާއާ ގުޅޭ ލިޔެކިޔުންތައް އަދާހަމަކޮށް ބެލެހެއްޓުން,5.9.8,ފެންވަރު 5.9: ބަޖެޓާ ގުޅޭ ކަންކަން ބެލެހެއްޓުން
725,1,ފައިނޭންސް ފޯކަލް/އެޑްމިނިސްޓްރޭޓަރ, ބޭންކް އެކައުންޓުގެ ސްޓޭޓްމަންޓް/ ބޭންކް ރިކޮންސިލިއޭޝަން ސްޓޭޓްމަންޓް ,,1- ސްކޫލުގެ ނަމުގައި ހުޅުވައިފައިވާ ބޭންކް އެކައުންޓުގެ ސްޓޭޓްމަންޓް މަހަކު އެއްފަހަރު ނަގައި، ބޭންކް ރިކޮންސިލިއޭޝަން ސްޓޭޓްމަންޓް ތައްޔާރުކުރޭ,ސްކޫލުގެ ނަމުގައި ހުޅުވާފައިވާ ބޭންކް އެކައުންޓް ބެލެހެއްޓުން,5.9.9.1,ސްކޫލުގެ ނަމުގައި ހުޅުވާފައިވާ ބޭންކް އެކައުންޓް ބެލެހެއްޓުން,5.9.9,ފެންވަރު 5.9: ބަޖެޓާ ގުޅޭ ކަންކަން ބެލެހެއްޓުން
726,1,ފައިނޭންސް ފޯކަލް/އެޑްމިނިސްޓްރޭޓަރ, ބޭންކް އެކައުންޓުގެ ސްޓޭޓްމަންޓް/ ބޭންކް ރިކޮންސިލިއޭޝަން ސްޓޭޓްމަންޓް ,,2- ބޭންކް އެކައުންޓުގެ ސްޓޭޓްމަންޓާއި ބޭންކް ރިކޮންސިލިއޭޝަން ސްޓޭޓްމަންޓްގައި ތައްޔާރުކުރި، ޗެކްކުރި އަދި އިސް ވެރިއެއްގެ ސޮއިކޮށްފައި ވޭ,ސްކޫލުގެ ނަމުގައި ހުޅުވާފައިވާ ބޭންކް އެކައުންޓް ބެލެހެއްޓުން,5.9.9.1,ސްކޫލުގެ ނަމުގައި ހުޅުވާފައިވާ ބޭންކް އެކައުންޓް ބެލެހެއްޓުން,5.9.9,ފެންވަރު 5.9: ބަޖެޓާ ގުޅޭ ކަންކަން ބެލެހެއްޓުން
727,1,ފައިނޭންސް ފޯކަލް/އެޑްމިނިސްޓްރޭޓަރ, ބޭންކް އެކައުންޓުގެ ސްޓޭޓްމަންޓް/ ބޭންކް ރިކޮންސިލިއޭޝަން ސްޓޭޓްމަންޓް ,,3- އެކައުންޓް ބާކީ ބަލަހައްޓަމުން ދޭ,ސްކޫލުގެ ނަމުގައި ހުޅުވާފައިވާ ބޭންކް އެކައުންޓް ބެލެހެއްޓުން,5.9.9.1,ސްކޫލުގެ ނަމުގައި ހުޅުވާފައިވާ ބޭންކް އެކައުންޓް ބެލެހެއްޓުން,5.9.9,ފެންވަރު 5.9: ބަޖެޓާ ގުޅޭ ކަންކަން ބެލެހެއްޓުން
728,1,ފައިނޭންސް ފޯކަލް/އެޑްމިނިސްޓްރޭޓަރ,ޕީޓީއޭގެ ޔައުމިއްޔާ,,1- ޚަރަދުކުރުމުގެ ކުރިން ޕީ.ޓީ.އޭ އާ މަޝްވަރާކުރޭ,ޕީ.ޓީ.އޭ ފަންޑުން ޚަރަދުކުރުމުގެ ކުރިން ޕީ.ޓީ.އޭ ގެ ހިންގާ ކޮމެޓީއިން، އެ ޚަރަދުކުރުމަށް ފާސްކުރުވުން,5.9.10.1,ޕީ.ޓީ.އޭ ފަންޑުން ޚަރަދުކުރުން ,5.9.10,ފެންވަރު 5.9: ބަޖެޓާ ގުޅޭ ކަންކަން ބެލެހެއްޓުން
729,1,ފައިނޭންސް ފޯކަލް/އެޑްމިނިސްޓްރޭޓަރ,ޕީޓީއޭގެ ޔައުމިއްޔާ,,2- ޚަރަދުކުރުމުގެ ކުރިން ޕީ.ޓީ.އޭ ގެ ހިންގާ ކޮމެޓީއިން، އެ ޚަރަދުކުރުމަށް ފާސްކޮށްފައި ވޭ,ޕީ.ޓީ.އޭ ފަންޑުން ޚަރަދުކުރުމުގެ ކުރިން ޕީ.ޓީ.އޭ ގެ ހިންގާ ކޮމެޓީއިން، އެ ޚަރަދުކުރުމަށް ފާސްކުރުވުން,5.9.10.1,ޕީ.ޓީ.އޭ ފަންޑުން ޚަރަދުކުރުން ,5.9.10,ފެންވަރު 5.9: ބަޖެޓާ ގުޅޭ ކަންކަން ބެލެހެއްޓުން
730,1,ފައިނޭންސް ފޯކަލް/އެޑްމިނިސްޓްރޭޓަރ,ޕީޓީއޭގެ ޔައުމިއްޔާ,,3- ޚަރަދުކުރުމަށް ޕީ.ޓީ.އޭ ގެ ހިންގާ ކޮމެޓީއިން ފާސްކުރި ޔައުމިއްޔާގައި މެންބަރުން ސޮއިކޮށްފައި ވޭ,ޕީ.ޓީ.އޭ ފަންޑުން ޚަރަދުކުރުމުގެ ކުރިން ޕީ.ޓީ.އޭ ގެ ހިންގާ ކޮމެޓީއިން، އެ ޚަރަދުކުރުމަށް ފާސްކުރުވުން,5.9.10.1,ޕީ.ޓީ.އޭ ފަންޑުން ޚަރަދުކުރުން ,5.9.10,ފެންވަރު 5.9: ބަޖެޓާ ގުޅޭ ކަންކަން ބެލެހެއްޓުން
691,1,ސްޓޮކް ފޯކަލް/އެޑްމިނިސްޓްރޭޓަރ,ވަޒީފާގެ ބަޔާން,ސްޓޮކް ބެލުން,1- ކަނޑައަޅައިފައިވާ މުވައްޒަފަށް އެކަނި ބޭނުންކުރެވޭ ގޮތަށް، ރައްކާތެރިކަމާއެކު ސްޓޮކު ބަލަހައްޓާ,އުސޫލުތަކާ އެއްގޮތަށް ސްޓޮކް ބެލެހެއްޓުން,5.9.3.1,ސްޓޮކް ބެލެހެއްޓުން,5.9.3,ފެންވަރު 5.9: ބަޖެޓާ ގުޅޭ ކަންކަން ބެލެހެއްޓުން
692,1,ސްޓޮކް ފޯކަލް/އެޑްމިނިސްޓްރޭޓަރ,ތަކެތި ދޫކުރާ ފޯމް/ފޮތް,,2- ފޯމަކުން ނުވަތަ ފޮތުގައި ލިޔެގެން އެކަމަށް ހުއްދަ ލިޔުމުން ލިބިގެން ސްޓޮކުން މުދާ ދޫކުރޭ,އުސޫލުތަކާ އެއްގޮތަށް ސްޓޮކް ބެލެހެއްޓުން,5.9.3.1,ސްޓޮކް ބެލެހެއްޓުން,5.9.3,ފެންވަރު 5.9: ބަޖެޓާ ގުޅޭ ކަންކަން ބެލެހެއްޓުން
693,1,ސްޓޮކް ފޯކަލް/އެޑްމިނިސްޓްރޭޓަރ,ސްޓޮކް ރެކޯޑް/ޕްރޮކިއުމެންޓް ރެކޯޑް,,3- ސްޓޮކަށް ވައްދަންޖެހޭ ހުރިހައި ތަކެތި ދުވަހުން ދުވަހަށް ސްޓޮކަށް ވައްދައި، ސްޓޮކުގެ ބާކީ ބަލަހައްޓާ,އުސޫލުތަކާ އެއްގޮތަށް ސްޓޮކް ބެލެހެއްޓުން,5.9.3.1,ސްޓޮކް ބެލެހެއްޓުން,5.9.3,ފެންވަރު 5.9: ބަޖެޓާ ގުޅޭ ކަންކަން ބެލެހެއްޓުން
700,1,ސްޓޮކް ފޯކަލް/އެޑްމިނިސްޓްރޭޓަރ,އިންވެންޓްރީ ,,1- އިންވެންޓްރީ ރަޖިސްޓްރީގައި ރެކޯޑުކުރޭ,ހަރުމުދަލާ ގުޅޭ ކަންކަން ބެލެހެއްޓުން,5.9.6.1,ހަރުމުދަލާއި ނީލަމާ ގުޅޭ ކަންކަން ޤަވާޢިދާ އެއްގޮތަށް ކުރިއަށްގެންދިއުން,5.9.6,ފެންވަރު 5.9: ބަޖެޓާ ގުޅޭ ކަންކަން ބެލެހެއްޓުން
701,1,ސްޓޮކް ފޯކަލް/އެޑްމިނިސްޓްރޭޓަރ,އިންވެންޓްރީ ,ސްކޫލުގައި ހުރި ހަރުމުދަލުގެ އިންވެންޓްރީ ކޯޑް ,2- ހުރިހައި ހަރުމުދަލެއްގައި އިންވެންޓްރީ ކޯޑުޖަހާ އިންވެންޓްރީ އަދާހަމަކުރޭ,ހަރުމުދަލާ ގުޅޭ ކަންކަން ބެލެހެއްޓުން,5.9.6.1,ހަރުމުދަލާއި ނީލަމާ ގުޅޭ ކަންކަން ޤަވާޢިދާ އެއްގޮތަށް ކުރިއަށްގެންދިއުން,5.9.6,ފެންވަރު 5.9: ބަޖެޓާ ގުޅޭ ކަންކަން ބެލެހެއްޓުން
702,1,ސްޓޮކް ފޯކަލް/އެޑްމިނިސްޓްރޭޓަރ,"ނީލަންކިޔަންޖެހޭ ތަކެތީގެ ލިސްޓް
ހުއްދައަށް އެދިފައިވާ ލިއުން
ޕޯޓަލުން ކޮށްފައިވާ ރިކުއެސްޓުތައް",,3- މިނިސްޓްރީ އޮފް އެޑިޔުކޭޝަންގެ ހުއްދަ ލިޔުމުން ހޯދައިގެން ނީލަން ޕޯޓަލް މެދުވެރިކޮށް ތަކެތި ނީލަންކިޔާ,ހަރުމުދަލާ ގުޅޭ ކަންކަން ބެލެހެއްޓުން,5.9.6.1,ހަރުމުދަލާއި ނީލަމާ ގުޅޭ ކަންކަން ޤަވާޢިދާ އެއްގޮތަށް ކުރިއަށްގެންދިއުން,5.9.6,ފެންވަރު 5.9: ބަޖެޓާ ގުޅޭ ކަންކަން ބެލެހެއްޓުން