BD,Indicators,Outcomes,OutcomeNo,Substrand,SubstrandNo,StrandNo and Strand
457,1- މިޝަންއާއި ވިޝަން ދިވެހިބަހުން ލިޔެފައި ވޭ, ސްކޫލުގެ މިޝަންއާއި ވިޝަން ކަނޑައަޅައި އާންމުކުރުން,5.1.1.1, ސްކޫލުގެ މިޝަންއާއި ވިޝަން ކަނޑައެޅުން,5.1.1,ފެންވަރު 5.1:ދުރަށް ރޭވުމާއި ސްކޫލް ތަރައްގީކުރުން/ކުރިއެރުވުން
458,2- މިޝަންއާއި ވިޝަން އިނގިރޭސިބަހުން ލިޔެފައި ވޭ, ސްކޫލުގެ މިޝަންއާއި ވިޝަން ކަނޑައަޅައި އާންމުކުރުން,5.1.1.1, ސްކޫލުގެ މިޝަންއާއި ވިޝަން ކަނޑައެޅުން,5.1.1,ފެންވަރު 5.1:ދުރަށް ރޭވުމާއި ސްކޫލް ތަރައްގީކުރުން/ކުރިއެރުވުން
459,3- މިޝަންއާއި ވިޝަން އާންމުކޮށް ފެންނާނެހެން ހުރޭ, ސްކޫލުގެ މިޝަންއާއި ވިޝަން ކަނޑައަޅައި އާންމުކުރުން,5.1.1.1, ސްކޫލުގެ މިޝަންއާއި ވިޝަން ކަނޑައެޅުން,5.1.1,ފެންވަރު 5.1:ދުރަށް ރޭވުމާއި ސްކޫލް ތަރައްގީކުރުން/ކުރިއެރުވުން
460,1- ތައްޔާރުކުރުމުގައި ހިއްސާވާ ފަރާތްތަކުގެ ޚިޔާލު ހޯދައިފައި ވޭ,ސްޓްރެޓީޖިކް ޕްލޭން ތައްޔާރުކުރުން,5.1.2.1,ސްޓްރެޓީޖިކް ޕްލޭން ތައްޔާރުކޮށް ތަންފީޒުކުރުން,5.1.2,ފެންވަރު 5.1:ދުރަށް ރޭވުމާއި ސްކޫލް ތަރައްގީކުރުން/ކުރިއެރުވުން
461,2- ޙާޞިލުކުރަން ބޭނުންވާ ކަންކަން ސްޓްރެޓީޖިކް ޕްލޭނުގައި ކަނޑައަޅައިފައި ވޭ,ސްޓްރެޓީޖިކް ޕްލޭން ތައްޔާރުކުރުން,5.1.2.1,ސްޓްރެޓީޖިކް ޕްލޭން ތައްޔާރުކޮށް ތަންފީޒުކުރުން,5.1.2,ފެންވަރު 5.1:ދުރަށް ރޭވުމާއި ސްކޫލް ތަރައްގީކުރުން/ކުރިއެރުވުން
462,3- ސްޓްރެޓީޖިކް ޕްލޭން 3 އަހަރު ދުވަހުގެ މުއްދަތަށް ހަދައިފައި ވޭ,ސްޓްރެޓީޖިކް ޕްލޭން ތައްޔާރުކުރުން,5.1.2.1,ސްޓްރެޓީޖިކް ޕްލޭން ތައްޔާރުކޮށް ތަންފީޒުކުރުން,5.1.2,ފެންވަރު 5.1:ދުރަށް ރޭވުމާއި ސްކޫލް ތަރައްގީކުރުން/ކުރިއެރުވުން
463,1- ސްޓްރެޓީޖިކް ޕްލޭން މުދައްރިސުންނާ ހިއްސާކޮށްފައި ވޭ,ސްޓްރެޓީޖިކް ޕްލޭން ހިއްސާކުރުން,5.1.2.2,ސްޓްރެޓީޖިކް ޕްލޭން ތައްޔާރުކޮށް ތަންފީޒުކުރުން,5.1.2,ފެންވަރު 5.1:ދުރަށް ރޭވުމާއި ސްކޫލް ތަރައްގީކުރުން/ކުރިއެރުވުން
464,2- ސްޓްރެޓީޖިކް ޕްލޭން އެހެނިހެން މުވައްޒަފުންނާ ހިއްސާކޮށްފައި ވޭ,ސްޓްރެޓީޖިކް ޕްލޭން ހިއްސާކުރުން,5.1.2.2,ސްޓްރެޓީޖިކް ޕްލޭން ތައްޔާރުކޮށް ތަންފީޒުކުރުން,5.1.2,ފެންވަރު 5.1:ދުރަށް ރޭވުމާއި ސްކޫލް ތަރައްގީކުރުން/ކުރިއެރުވުން
465,3- ސްޓްރެޓީޖިކް ޕްލޭން ބެލެނިވެރިންނާ ހިއްސާކޮށްފައި ވޭ,ސްޓްރެޓީޖިކް ޕްލޭން ހިއްސާކުރުން,5.1.2.2,ސްޓްރެޓީޖިކް ޕްލޭން ތައްޔާރުކޮށް ތަންފީޒުކުރުން,5.1.2,ފެންވަރު 5.1:ދުރަށް ރޭވުމާއި ސްކޫލް ތަރައްގީކުރުން/ކުރިއެރުވުން
466,1- ސްޓްރެޓީޖިކް ޕްލޭން ތަންފީޒުކުރެވޭ މިންވަރު މޮނީޓަރކުރޭ, ސްޓްރެޓީޖިކް ޕްލޭން ތަންފީޒުކުރުން ,5.1.2.3,ސްޓްރެޓީޖިކް ޕްލޭން ތައްޔާރުކޮށް ތަންފީޒުކުރުން,5.1.2,ފެންވަރު 5.1:ދުރަށް ރޭވުމާއި ސްކޫލް ތަރައްގީކުރުން/ކުރިއެރުވުން
467,2- ހާލަތަށް ރިއާޔަތްކޮށް ސްޓްރެޓީޖިކް ޕްލޭން މުޠާލިޔާކުރޭ, ސްޓްރެޓީޖިކް ޕްލޭން ތަންފީޒުކުރުން ,5.1.2.3,ސްޓްރެޓީޖިކް ޕްލޭން ތައްޔާރުކޮށް ތަންފީޒުކުރުން,5.1.2,ފެންވަރު 5.1:ދުރަށް ރޭވުމާއި ސްކޫލް ތަރައްގީކުރުން/ކުރިއެރުވުން
468,3- ސްޓްރެޓީޖިކް ޕްލޭނަށް ގެނެވުނު ބަދަލުތައް ކަމާ ގުޅޭ ފަރާތްތަކަށް ހިއްސާކޮށްފައި ވޭ, ސްޓްރެޓީޖިކް ޕްލޭން ތަންފީޒުކުރުން ,5.1.2.3,ސްޓްރެޓީޖިކް ޕްލޭން ތައްޔާރުކޮށް ތަންފީޒުކުރުން,5.1.2,ފެންވަރު 5.1:ދުރަށް ރޭވުމާއި ސްކޫލް ތަރައްގީކުރުން/ކުރިއެރުވުން
469,1-  ޙާސިލުކުރެވޭފަދަ އެކަޑަމިކް ލަނޑުދަނޑިތައް ކަނޑައަޅައިފައި ވޭ,އަހަރު ތެރޭގައި ޙާޞިލުކުރަން ބޭނުންވާ ލަނޑުދަނޑިތައް ކަނޑައެޅުން,5.1.3.1,ދިރާސީ އަހަރު ޙާޞިލުކުރަން ބޭނުންވާ ލަނޑުދަނޑިތައް ކަނޑައެޅުން,5.1.3,ފެންވަރު 5.1:ދުރަށް ރޭވުމާއި ސްކޫލް ތަރައްގީކުރުން/ކުރިއެރުވުން
470,2- ޙާސިލުކުރެވޭފަދަ ކޯކަރިކިއުލާ ލަނޑުދަނޑިތައް ކަނޑައަޅައިފައި ވޭ,އަހަރު ތެރޭގައި ޙާޞިލުކުރަން ބޭނުންވާ ލަނޑުދަނޑިތައް ކަނޑައެޅުން,5.1.3.1,ދިރާސީ އަހަރު ޙާޞިލުކުރަން ބޭނުންވާ ލަނޑުދަނޑިތައް ކަނޑައެޅުން,5.1.3,ފެންވަރު 5.1:ދުރަށް ރޭވުމާއި ސްކޫލް ތަރައްގީކުރުން/ކުރިއެރުވުން
471,3 - ޓާގެޓުތަކާއި މިންގަނޑުތައް ކަނޑައަޅައިފައި ވޭ,އަހަރު ތެރޭގައި ޙާޞިލުކުރަން ބޭނުންވާ ލަނޑުދަނޑިތައް ކަނޑައެޅުން,5.1.3.1,ދިރާސީ އަހަރު ޙާޞިލުކުރަން ބޭނުންވާ ލަނޑުދަނޑިތައް ކަނޑައެޅުން,5.1.3,ފެންވަރު 5.1:ދުރަށް ރޭވުމާއި ސްކޫލް ތަރައްގީކުރުން/ކުރިއެރުވުން
800,4- ހާސިލުކުރަން ބޭނުންވާ ލަނޑުދަނޑިތައް ސްކޫލް ހިއްސާވާ ފަރާތްތަކާ ހިއްސާކުރޭ,އަހަރު ތެރޭގައި ޙާޞިލުކުރަން ބޭނުންވާ ލަނޑުދަނޑިތައް ކަނޑައެޅުން,5.1.3.1,ދިރާސީ އަހަރު ޙާޞިލުކުރަން ބޭނުންވާ ލަނޑުދަނޑިތައް ކަނޑައެޅުން,5.1.3,ފެންވަރު 5.1:ދުރަށް ރޭވުމާއި ސްކޫލް ތަރައްގީކުރުން/ކުރިއެރުވުން
801,5- ލަނޑުދަނޑިތައް ހާސިލުވަމުންދާ މިންވަރު ބަލައި ފިޔަވަޅުއަޅާ,އަހަރު ތެރޭގައި ޙާޞިލުކުރަން ބޭނުންވާ ލަނޑުދަނޑިތައް ކަނޑައެޅުން,5.1.3.1,ދިރާސީ އަހަރު ޙާޞިލުކުރަން ބޭނުންވާ ލަނޑުދަނޑިތައް ކަނޑައެޅުން,5.1.3,ފެންވަރު 5.1:ދުރަށް ރޭވުމާއި ސްކޫލް ތަރައްގީކުރުން/ކުރިއެރުވުން
472,1- މުދައްރިސުން އަހުލުވެރިކުރުވާ,ސިޤާފަށް އަހުލުވެރިކުރުން ,5.1.4.1,ސްކޫލް އިމްޕްރޫވްމަންޓް، ކޮލިޓީ އެޝުއަރަންސް އެންޑް އެކައުންޓަބިލިޓީ ފްރޭމްވާރކް (ސިގާފް) އާ އެއްގޮތަށް ސްކޫލް ސެލްފް އިވެލުއޭޝަން (އެސް އެސް އީ) ކުރިއަށް ގެންދިއުން,5.1.4,ފެންވަރު 5.1:ދުރަށް ރޭވުމާއި ސްކޫލް ތަރައްގީކުރުން/ކުރިއެރުވުން
473,2- އެހެނިހެން މުވައްޒަފުން އަހުލުވެރިކުރުވާ,ސިޤާފަށް އަހުލުވެރިކުރުން ,5.1.4.1,ސްކޫލް އިމްޕްރޫވްމަންޓް، ކޮލިޓީ އެޝުއަރަންސް އެންޑް އެކައުންޓަބިލިޓީ ފްރޭމްވާރކް (ސިގާފް) އާ އެއްގޮތަށް ސްކޫލް ސެލްފް އިވެލުއޭޝަން (އެސް އެސް އީ) ކުރިއަށް ގެންދިއުން,5.1.4,ފެންވަރު 5.1:ދުރަށް ރޭވުމާއި ސްކޫލް ތަރައްގީކުރުން/ކުރިއެރުވުން
474,3- ބެލެނިވެރިން އަހުލުވެރިކުރުވާ,ސިޤާފަށް އަހުލުވެރިކުރުން ,5.1.4.1,ސްކޫލް އިމްޕްރޫވްމަންޓް، ކޮލިޓީ އެޝުއަރަންސް އެންޑް އެކައުންޓަބިލިޓީ ފްރޭމްވާރކް (ސިގާފް) އާ އެއްގޮތަށް ސްކޫލް ސެލްފް އިވެލުއޭޝަން (އެސް އެސް އީ) ކުރިއަށް ގެންދިއުން,5.1.4,ފެންވަރު 5.1:ދުރަށް ރޭވުމާއި ސްކޫލް ތަރައްގީކުރުން/ކުރިއެރުވުން
475,1- އެސް އެސް އީ ފެށުމުގެ ކުރިން އެކަމާ ގުޅޭ މަޢުލޫމާތު ސްކޫލް ހިއްސާވާ ފަރާތްތަކާ ހިއްސާކުރޭ,އެސް އެސް އީ ކުރިއަށް ގެންދިއުން,5.1.4.2,ސްކޫލް އިމްޕްރޫވްމަންޓް، ކޮލިޓީ އެޝުއަރަންސް އެންޑް އެކައުންޓަބިލިޓީ ފްރޭމްވާރކް (ސިގާފް) އާ އެއްގޮތަށް ސްކޫލް ސެލްފް އިވެލުއޭޝަން (އެސް އެސް އީ) ކުރިއަށް ގެންދިއުން,5.1.4,ފެންވަރު 5.1:ދުރަށް ރޭވުމާއި ސްކޫލް ތަރައްގީކުރުން/ކުރިއެރުވުން
476,2- ކަނޑައަޅައިފައިވާ މުއްދަތުގައި އެސް އެސް އީ ކުރިއަށް ގެންގޮސް، ރިޕޯޓު މިނިސްޓްރީގެ ކަމާ ގުޅޭ ފަރާތާ ހިއްސާކުރޭ,އެސް އެސް އީ ކުރިއަށް ގެންދިއުން,5.1.4.2,ސްކޫލް އިމްޕްރޫވްމަންޓް، ކޮލިޓީ އެޝުއަރަންސް އެންޑް އެކައުންޓަބިލިޓީ ފްރޭމްވާރކް (ސިގާފް) އާ އެއްގޮތަށް ސްކޫލް ސެލްފް އިވެލުއޭޝަން (އެސް އެސް އީ) ކުރިއަށް ގެންދިއުން,5.1.4,ފެންވަރު 5.1:ދުރަށް ރޭވުމާއި ސްކޫލް ތަރައްގީކުރުން/ކުރިއެރުވުން
477,3- އެސް އެސް އީގެ ހޯދުންތައް، ގުޅުންހުރި ފަރާތްތަކާ ހިއްސާކުރޭ,އެސް އެސް އީ ކުރިއަށް ގެންދިއުން,5.1.4.2,ސްކޫލް އިމްޕްރޫވްމަންޓް، ކޮލިޓީ އެޝުއަރަންސް އެންޑް އެކައުންޓަބިލިޓީ ފްރޭމްވާރކް (ސިގާފް) އާ އެއްގޮތަށް ސްކޫލް ސެލްފް އިވެލުއޭޝަން (އެސް އެސް އީ) ކުރިއަށް ގެންދިއުން,5.1.4,ފެންވަރު 5.1:ދުރަށް ރޭވުމާއި ސްކޫލް ތަރައްގީކުރުން/ކުރިއެރުވުން
478,1- އެސް އެސް އީ އިން ލިބުނު މަޢުލޫމާތުގެ މައްޗަށް ބިނާކޮށް ސިޕް ތައްޔާރުކުރޭ,ސިޕް ތައްޔާރުކުރުން,5.1.5.1,ސްކޫލް އިމްޕްރޫވްމަންޓް ޕްލޭން (ސިޕް) ތައްޔާރުކޮށް ތަންފީޒުކުރުން,5.1.5,ފެންވަރު 5.1:ދުރަށް ރޭވުމާއި ސްކޫލް ތަރައްގީކުރުން/ކުރިއެރުވުން
479,2- ސިޕް ތައްޔާރުކުރުމުގައި އެންމެ ފަހުގެ ނެޝަނަލް އެސެސްމަންޓް އޮފް ލަރނިން އައުޓްކަމްސް (ނާލޯ)ގެ ހޯދުންތައް ބޭނުންކުރޭ,ސިޕް ތައްޔާރުކުރުން,5.1.5.1,ސްކޫލް އިމްޕްރޫވްމަންޓް ޕްލޭން (ސިޕް) ތައްޔާރުކޮށް ތަންފީޒުކުރުން,5.1.5,ފެންވަރު 5.1:ދުރަށް ރޭވުމާއި ސްކޫލް ތަރައްގީކުރުން/ކުރިއެރުވުން
480,3- ސްކޫލަށް ޙާޞިލުކުރެވޭނެ ކަންކަން ހިމަނައިފައި ވޭ,ސިޕް ތައްޔާރުކުރުން,5.1.5.1,ސްކޫލް އިމްޕްރޫވްމަންޓް ޕްލޭން (ސިޕް) ތައްޔާރުކޮށް ތަންފީޒުކުރުން,5.1.5,ފެންވަރު 5.1:ދުރަށް ރޭވުމާއި ސްކޫލް ތަރައްގީކުރުން/ކުރިއެރުވުން
481,1- މިނިސްޓްރީއާ ހިއްސާކޮށްފައި ވޭ,ސިޕް ހިއްސާކުރުން,5.1.5.2,ސްކޫލް އިމްޕްރޫވްމަންޓް ޕްލޭން (ސިޕް) ތައްޔާރުކޮށް ތަންފީޒުކުރުން,5.1.5,ފެންވަރު 5.1:ދުރަށް ރޭވުމާއި ސްކޫލް ތަރައްގީކުރުން/ކުރިއެރުވުން
482,2- މުވައްޒަފުންނާ ހިއްސާކޮށްފައި ވޭ,ސިޕް ހިއްސާކުރުން,5.1.5.2,ސްކޫލް އިމްޕްރޫވްމަންޓް ޕްލޭން (ސިޕް) ތައްޔާރުކޮށް ތަންފީޒުކުރުން,5.1.5,ފެންވަރު 5.1:ދުރަށް ރޭވުމާއި ސްކޫލް ތަރައްގީކުރުން/ކުރިއެރުވުން
483,3- ބެލެނިވެރިންނާ ހިއްސާކޮށްފައި ވޭ,ސިޕް ހިއްސާކުރުން,5.1.5.2,ސްކޫލް އިމްޕްރޫވްމަންޓް ޕްލޭން (ސިޕް) ތައްޔާރުކޮށް ތަންފީޒުކުރުން,5.1.5,ފެންވަރު 5.1:ދުރަށް ރޭވުމާއި ސްކޫލް ތަރައްގީކުރުން/ކުރިއެރުވުން
484,1- ސިޕްގައިވާ ހަރަކާތްތައް، ކަނޑައަޅައިފައިވާ ގޮތަށް ކުރިއަށް ގެންދޭ,ސިޕް ތަންފީޒުކުުރުން,5.1.5.3,ސްކޫލް އިމްޕްރޫވްމަންޓް ޕްލޭން (ސިޕް) ތައްޔާރުކޮށް ތަންފީޒުކުރުން,5.1.5,ފެންވަރު 5.1:ދުރަށް ރޭވުމާއި ސްކޫލް ތަރައްގީކުރުން/ކުރިއެރުވުން
485,2- ސިޕް ތަންފީޒުކުރެވޭ މިންވަރު މޮނިޓަރކޮށް މުޠާލިޔާކުރޭ,ސިޕް ތަންފީޒުކުުރުން,5.1.5.3,ސްކޫލް އިމްޕްރޫވްމަންޓް ޕްލޭން (ސިޕް) ތައްޔާރުކޮށް ތަންފީޒުކުރުން,5.1.5,ފެންވަރު 5.1:ދުރަށް ރޭވުމާއި ސްކޫލް ތަރައްގީކުރުން/ކުރިއެރުވުން
486,3- ގެނެވުނު ބަދަލުތައް ހިއްސާވާ ފަރާތްތަކާ ހިއްސާކޮށްފައި ވޭ,ސިޕް ތަންފީޒުކުުރުން,5.1.5.3,ސްކޫލް އިމްޕްރޫވްމަންޓް ޕްލޭން (ސިޕް) ތައްޔާރުކޮށް ތަންފީޒުކުރުން,5.1.5,ފެންވަރު 5.1:ދުރަށް ރޭވުމާއި ސްކޫލް ތަރައްގީކުރުން/ކުރިއެރުވުން
487,1- ޕީޑީ ކޯޑިނޭޓަރެއްގެ މަސްއޫލިއްޔަތު މުވައްޒަފަކާ ލިޔުމުން ހަވާލުކޮށްފައި ވޭ,ޕްރޮފެޝަނަލް ޑިވެލޮޕްމަންޓް (ޕީޑީ) ޕްލޭންކުރުން ,5.1.6.1,ޕްރޮފެޝަނަލް ޑިވެލޮޕްމަންޓް ޕްލޭންކޮށް ތަންފީޒުކުރުން ,5.1.6,ފެންވަރު 5.1:ދުރަށް ރޭވުމާއި ސްކޫލް ތަރައްގީކުރުން/ކުރިއެރުވުން
488,2- ނީޑް އެނަލިސިސްގެ މައްޗަށް ބިނާކޮށް ޕީޑީ ޕްލޭން ތައްޔާރުކޮށްފައި ވޭ,ޕްރޮފެޝަނަލް ޑިވެލޮޕްމަންޓް (ޕީޑީ) ޕްލޭންކުރުން ,5.1.6.1,ޕްރޮފެޝަނަލް ޑިވެލޮޕްމަންޓް ޕްލޭންކޮށް ތަންފީޒުކުރުން ,5.1.6,ފެންވަރު 5.1:ދުރަށް ރޭވުމާއި ސްކޫލް ތަރައްގީކުރުން/ކުރިއެރުވުން
489,3- ލެސަން އޮބްޒަވޭޝަންތަކުން ފާހަގަވާ ކަންތައްތައް ޕީޑީ ޕްލޭނުގައި ހިމަނައިފައި ވޭ,ޕްރޮފެޝަނަލް ޑިވެލޮޕްމަންޓް (ޕީޑީ) ޕްލޭންކުރުން ,5.1.6.1,ޕްރޮފެޝަނަލް ޑިވެލޮޕްމަންޓް ޕްލޭންކޮށް ތަންފީޒުކުރުން ,5.1.6,ފެންވަރު 5.1:ދުރަށް ރޭވުމާއި ސްކޫލް ތަރައްގީކުރުން/ކުރިއެރުވުން
490,4- ޕީޑީ ޕްލޭނާ އެއްގޮތަށް ކުރިއަށް ގެންދޭ,ޕްރޮފެޝަނަލް ޑިވެލޮޕްމަންޓް (ޕީޑީ) ޕްލޭންކުރުން ,5.1.6.1,ޕްރޮފެޝަނަލް ޑިވެލޮޕްމަންޓް ޕްލޭންކޮށް ތަންފީޒުކުރުން ,5.1.6,ފެންވަރު 5.1:ދުރަށް ރޭވުމާއި ސްކޫލް ތަރައްގީކުރުން/ކުރިއެރުވުން
491,5- އިންކްލޫސިވް އެޑިޔުކޭޝަނާ ގުޅުންހުރި ތަމްރީނު ޕްރޮގްރާމް، ސްކޫލުގެ ޕީޑީ ޕްލޭނުގައި ހިމަނައިފައި ވޭ,ޕްރޮފެޝަނަލް ޑިވެލޮޕްމަންޓް (ޕީޑީ) ޕްލޭންކުރުން ,5.1.6.1,ޕްރޮފެޝަނަލް ޑިވެލޮޕްމަންޓް ޕްލޭންކޮށް ތަންފީޒުކުރުން ,5.1.6,ފެންވަރު 5.1:ދުރަށް ރޭވުމާއި ސްކޫލް ތަރައްގީކުރުން/ކުރިއެރުވުން
492,1- އަހަރަކު މަދުވެގެން 16ގަޑިއިރާއި 20 ގަޑިއިރާ ދެމެދުގެ ޕީޑީ ޕްރޮގްރާމް ފަންނީ މުވައްޒަފުންނަށް ހިންގާ,ޕްރޮފެޝަނަލް ޑިވެލޮޕްމަންޓް (ޕީޑީ) ކުރިއަށް ގެންދިއުން  ,5.1.6.2,ޕްރޮފެޝަނަލް ޑިވެލޮޕްމަންޓް ޕްލޭންކޮށް ތަންފީޒުކުރުން ,5.1.6,ފެންވަރު 5.1:ދުރަށް ރޭވުމާއި ސްކޫލް ތަރައްގީކުރުން/ކުރިއެރުވުން
493,2- އަހަރަކު މަދުވެގެން 6 ގަޑިއިރުގެ ޕީޑީ ޕްރޮގްރާމް އިދާރީ މުވައްޒަފުންނަށް ހިންގާ,ޕްރޮފެޝަނަލް ޑިވެލޮޕްމަންޓް (ޕީޑީ) ކުރިއަށް ގެންދިއުން  ,5.1.6.2,ޕްރޮފެޝަނަލް ޑިވެލޮޕްމަންޓް ޕްލޭންކޮށް ތަންފީޒުކުރުން ,5.1.6,ފެންވަރު 5.1:ދުރަށް ރޭވުމާއި ސްކޫލް ތަރައްގީކުރުން/ކުރިއެރުވުން
494,3- ޕީޑީ ޕްރޮގްރާމްތަކުގެ ލިޔެކިޔުންތައް އަދާހަމަކޮށް ބަލަހައްޓާ,ޕްރޮފެޝަނަލް ޑިވެލޮޕްމަންޓް (ޕީޑީ) ކުރިއަށް ގެންދިއުން  ,5.1.6.2,ޕްރޮފެޝަނަލް ޑިވެލޮޕްމަންޓް ޕްލޭންކޮށް ތަންފީޒުކުރުން ,5.1.6,ފެންވަރު 5.1:ދުރަށް ރޭވުމާއި ސްކޫލް ތަރައްގީކުރުން/ކުރިއެރުވުން
495,1- ޕީޑީ ސެޝަންތައް ޕްރިންސިޕަލް މުވައްޒަފުންނަށް ނަގައިދޭ,ޕްރޮފެޝަނަލް ޑިވެލޮޕްމަންޓު(ޕީޑީ)ގައި ޕްރިންސިޕަލްގެ ބައިވެރިވުން ,5.1.6.3,ޕްރޮފެޝަނަލް ޑިވެލޮޕްމަންޓް ޕްލޭންކޮށް ތަންފީޒުކުރުން ,5.1.6,ފެންވަރު 5.1:ދުރަށް ރޭވުމާއި ސްކޫލް ތަރައްގީކުރުން/ކުރިއެރުވުން
496,2- ސްކޫލުގައި ހިންގާ ޕީޑީ ޕްރޮގްރާމްތަކުގައި ޢަމަލީ ގޮތުން ޕްރިންސިޕަލް ބައިވެރިވޭ,ޕްރޮފެޝަނަލް ޑިވެލޮޕްމަންޓުގައި ޕްރިންސިޕަލްގެ ބައިވެރިވުން ,5.1.6.3,ޕްރޮފެޝަނަލް ޑިވެލޮޕްމަންޓް ޕްލޭންކޮށް ތަންފީޒުކުރުން ,5.1.6,ފެންވަރު 5.1:ދުރަށް ރޭވުމާއި ސްކޫލް ތަރައްގީކުރުން/ކުރިއެރުވުން
497,3- މުވައްޒަފުންނަށް ބޭނުންވާ ތަމްރީނުތަކުގައި ބައިވެރިވުމުގެ ފުރުސަތު ޕްރިންސިޕަލް ހޯދައިދޭ,ޕްރޮފެޝަނަލް ޑިވެލޮޕްމަންޓުގައި ޕްރިންސިޕަލްގެ ބައިވެރިވުން ,5.1.6.3,ޕްރޮފެޝަނަލް ޑިވެލޮޕްމަންޓް ޕްލޭންކޮށް ތަންފީޒުކުރުން ,5.1.6,ފެންވަރު 5.1:ދުރަށް ރޭވުމާއި ސްކޫލް ތަރައްގީކުރުން/ކުރިއެރުވުން
499,1- އޮގަނައިޒޭޝަނަލް ސްޓްރަކްޗަރ އާންމުކުރުން,މުޢާމަލާތްކުރުމަށް ބޭނުންވާ އިންތިޒާމު ހަމަޖެއްސުން,5.2.1.1,މުޢާމަލާތުކުރުމުގެ އިންތިޒާމު ހަމަޖެއްސުން,5.2.1,ފެންވަރު 5.2: އިދާރީ ހިންގުން
500,2- ސްޓޭންޑަރޑް އޮޕަރޭޝަނަލް ޕްރޮސީޖާތައް އާންމުކުރުން,މުޢާމަލާތް ކުރުމަށް ބޭނުންވާ އިންތިޒާމު ހަމަޖެއްސުން,5.2.1.1,މުޢާމަލާތުކުރުމުގެ އިންތިޒާމު ހަމަޖެއްސުން,5.2.1,ފެންވަރު 5.2: އިދާރީ ހިންގުން
501,3- ލައިން އޮފް ކޮމިއުނިކޭޝަން އާންމުކުރުން,މުޢާމަލާތް ކުރުމަށް ބޭނުންވާ އިންތިޒާމު ހަމަޖެއްސުން,5.2.1.1,މުޢާމަލާތުކުރުމުގެ އިންތިޒާމު ހަމަޖެއްސުން,5.2.1,ފެންވަރު 5.2: އިދާރީ ހިންގުން
502,1- ހުށަހަޅާނެ ގޮތް ލިޔެކިޔުމުން އޮވޭ,ދަރިވަރުންގެ ރައްކާތެރިކަމަށް ބުރޫއަރާ ފަދަ ކަމެއް އެއްވެސް ފަރާތަކުން ކޮށްފި ނަމަ، އެކަން ހުށަހަޅާނެ ނިޒާމެއް ގާއިމުކުރުން ,5.2.2.1,ސްކޫލް ހިއްސާވާ ފަރާތްތަކާ މުޢާމަލާތުކުރުން,5.2.2,ފެންވަރު 5.2: އިދާރީ ހިންގުން
503,2- ހުށަހަޅާނެ ގޮތް ހިއްސާވާ ފަރާތްތަކާ ހިއްސާކޮށްފައި ވޭ,ދަރިވަރުންގެ ރައްކާތެރިކަމަށް ބުރޫއަރާ ފަދަ ކަމެއް އެއްވެސް ފަރާތަކުން ކޮށްފި ނަމަ، އެކަން ހުށަހަޅާނެ ނިޒާމެއް ގާއިމުކުރުން ,5.2.2.1,ސްކޫލް ހިއްސާވާ ފަރާތްތަކާ މުޢާމަލާތުކުރުން,5.2.2,ފެންވަރު 5.2: އިދާރީ ހިންގުން
504,3- އެކަންކަމާ ގުޅޭގޮތުން މުއާމަލާތުކުރާނެ ވަކި ފަރާތެއް ހަމަޖައްސައިފައި ވޭ,ދަރިވަރުންގެ ރައްކާތެރިކަމަށް ބުރޫއަރާ ފަދަ ކަމެއް އެއްވެސް ފަރާތަކުން ކޮށްފި ނަމަ، އެކަން ހުށަހަޅާނެ ނިޒާމެއް ގާއިމުކުރުން ,5.2.2.1,ސްކޫލް ހިއްސާވާ ފަރާތްތަކާ މުޢާމަލާތުކުރުން,5.2.2,ފެންވަރު 5.2: އިދާރީ ހިންގުން
505,1- ސްކޫލް ހިއްސާވާ ފަރާތްތަކުގެ ކަންބޮޑުވުންތައް ހިއްސާކުރެވޭނެ ގޮތެއް ހަމަޖައްސައި، ހިއްސާވާ ފަރާތްތަކަށް އަންގައިފައި ވޭ,ސްކޫލް ހިއްސާވާ ފަރާތްތަކުގެ ކަންބޮޑުވުންތައް ހިއްސާކުރެވޭނެ ނިޒާމެއް ގާއިމުކުރުން,5.2.2.2,ސްކޫލް ހިއްސާވާ ފަރާތްތަކާ މުޢާމަލާތުކުރުން,5.2.2,ފެންވަރު 5.2: އިދާރީ ހިންގުން
506,2- ސްކޫލް ހިއްސާވާ ފަރާތްތަކުގެ ކަންބޮޑުވުންތަކަށް ހައްލު ގެނައުމަށް މަސައްކަތްކުރޭ,ސްކޫލް ހިއްސާވާ ފަރާތްތަކުގެ ކަންބޮޑުވުންތައް ހިއްސާކުރެވޭނެ ނިޒާމެއް ގާއިމުކުރުން,5.2.2.2,ސްކޫލް ހިއްސާވާ ފަރާތްތަކާ މުޢާމަލާތުކުރުން,5.2.2,ފެންވަރު 5.2: އިދާރީ ހިންގުން
507,3- ސްކޫލް ހިއްސާވާ ފަރާތްތަކުން ހުށަހަޅާ ކަންބޮޑުވުންތަކުގެ ސިއްރު ހިފެހެއްޓުމަށް އިންތިޒާމުތަކެއް ގާއިމުކޮށްފައި ވޭ,ސްކޫލް ހިއްސާވާ ފަރާތްތަކުގެ ކަންބޮޑުވުންތައް ހިއްސާކުރެވޭނެ ނިޒާމެއް ގާއިމުކުރުން,5.2.2.2,ސްކޫލް ހިއްސާވާ ފަރާތްތަކާ މުޢާމަލާތުކުރުން,5.2.2,ފެންވަރު 5.2: އިދާރީ ހިންގުން
508,1- މިނިސްޓްރީގެ އުސޫލުތަކާއި ސަރކިއުލަރތައް ހިއްސާވާ ފަރާތްތަކާ ޤަވާޢިދުން ހިއްސާކުރޭ,މިނިސްޓްރީގެ އުސޫލުތަކާއި ސަރކިއުލަރތައް ހިއްސާވާ ފަރާތްތަކާ ހިއްސާކޮށް އަހުލުވެރިކުރުން,5.2.2.3,ސްކޫލް ހިއްސާވާ ފަރާތްތަކާ މުޢާމަލާތުކުރުން,5.2.2,ފެންވަރު 5.2: އިދާރީ ހިންގުން
509,2- މިނިސްޓްރީގެ އުސޫލުތަކާއި ސަރކިއުލަރތައް ފަސޭހައިން ފެންނާނެހެން ހުރޭ,މިނިސްޓްރީގެ އުސޫލުތަކާއި ސަރކިއުލަރތައް ހިއްސާވާ ފަރާތްތަކާ ހިއްސާކޮށް އަހުލުވެރިކުރުން,5.2.2.3,ސްކޫލް ހިއްސާވާ ފަރާތްތަކާ މުޢާމަލާތުކުރުން,5.2.2,ފެންވަރު 5.2: އިދާރީ ހިންގުން
510,3- މިނިސްޓްރީގެ އުސޫލުތަކާއި ސަރކިއުލަރތަކަށް ހުރިހައި މުވައްޒަފުން އަހުލުވެރިކުރޭ,މިނިސްޓްރީގެ އުސޫލުތަކާއި ސަރކިއުލަރތައް ހިއްސާވާ ފަރާތްތަކާ ހިއްސާކޮށް އަހުލުވެރިކުރުން,5.2.2.3,ސްކޫލް ހިއްސާވާ ފަރާތްތަކާ މުޢާމަލާތުކުރުން,5.2.2,ފެންވަރު 5.2: އިދާރީ ހިންގުން
511,1- ދުވަހުން ދުވަހަށް ދަރިވަރުންގެ ހާޒިރީ އަދާހަމަކުރޭ,ދަރިވަރުންގެ ހާޒިރީއާ ގުޅޭ ކަންކަމުގައި އެޓެންޑެންސް ޕޮލިސީއާ އެއްގޮތަށް ޢަމަލުކުރުން,5.2.3.1,އެޓެންޑެންސް ޕޮލިސީއާ އެއްގޮތަށް ޢަމަލުކުރުން,5.2.3,ފެންވަރު 5.2: އިދާރީ ހިންގުން
512,2- ޕޮލިސީއާ އެއްގޮތައް ހާޒިރުނުވާ (3 ދުވަސް، 10 ދުވަސް)ދަރިވަރުންގެ ބެލެނިވެރިންނަށް ގުޅާ ހޯމް ވިޒިޓް ހަދާ ,ދަރިވަރުންގެ ހާޒިރީއާ ގުޅޭ ކަންކަމުގައި އެޓެންޑެންސް ޕޮލިސީއާ އެއްގޮތަށް ޢަމަލުކުރުން,5.2.3.1,އެޓެންޑެންސް ޕޮލިސީއާ އެއްގޮތަށް ޢަމަލުކުރުން,5.2.3,ފެންވަރު 5.2: އިދާރީ ހިންގުން
513,3- ދިގު މުއްދަތަކަށް ހާޒިރުނުވާ ދަރިވަރުންގެ މަޢުލޫމާތު މިނިސްޓްރީއަށް ހިއްސާކޮށް ލިޔެކިޔުންތައް ބަލަހައްޓާ,ދަރިވަރުންގެ ހާޒިރީއާ ގުޅޭ ކަންކަމުގައި އެޓެންޑެންސް ޕޮލިސީއާ އެއްގޮތަށް ޢަމަލުކުރުން,5.2.3.1,އެޓެންޑެންސް ޕޮލިސީއާ އެއްގޮތަށް ޢަމަލުކުރުން,5.2.3,ފެންވަރު 5.2: އިދާރީ ހިންގުން
514,1- ކޮންމެ ދުވަހަކު އެސެމްބްލީގައި ޤައުމީ ސަލާމު ކިޔާ,މިނިސްޓްރީ އޮފް އެޑިޔުކޭޝަނުގެ ސަރކިޔުލަރއާ އެއްގޮތަށް  އެސެމްބްލީ ބޭއްވުން,5.2.4.1,އެސެމްބްލީ ކުރިއަށްދާ ގޮތް,5.2.4,ފެންވަރު 5.2: އިދާރީ ހިންގުން
515,2- އެސެމްބްލީގައި ވާހަކަދެއްކުމުގެ ފުރުޞަތު މުވައްޒަފުންނަށް ދޭ,މިނިސްޓްރީ އޮފް އެޑިޔުކޭޝަނުގެ ސަރކިޔުލަރއާ އެއްގޮތަށް  އެސެމްބްލީ ބޭއްވުން,5.2.4.1,އެސެމްބްލީ ކުރިއަށްދާ ގޮތް,5.2.4,ފެންވަރު 5.2: އިދާރީ ހިންގުން
516,3- އެސެމްބްލީގައި ވާހަކަދެއްކުމުގެ ފުރުޞަތު ދަރިވަރުންނަށް ދޭ,މިނިސްޓްރީ އޮފް އެޑިޔުކޭޝަނުގެ ސަރކިޔުލަރއާ އެއްގޮތަށް  އެސެމްބްލީ ބޭއްވުން,5.2.4.1,އެސެމްބްލީ ކުރިއަށްދާ ގޮތް,5.2.4,ފެންވަރު 5.2: އިދާރީ ހިންގުން
517,1- ދުވަހުން ދުވަހަށް އެންޓްރީ ބަލަހައްޓާ ހާޒިރީއާ ގުޅޭ ލިޔެކިޔުންތައް އަދާހަމަކުރޭ,އިދާރީ ލިޔެކިޔުންތައް ބަލަހައްޓައި އަދާހަމަކުރުން,5.2.5.1,އިދާރީ ލިޔެކިޔުންތައް ބެލެހެއްޓުން,5.2.5,ފެންވަރު 5.2: އިދާރީ ހިންގުން
518,2- ދުވަހުގެ ޔައުމިއްޔާތައް ލިޔޭ,އިދާރީ ލިޔެކިޔުންތައް ބަލަހައްޓައި އަދާހަމަކުރުން,5.2.5.1,އިދާރީ ލިޔެކިޔުންތައް ބެލެހެއްޓުން,5.2.5,ފެންވަރު 5.2: އިދާރީ ހިންގުން
519,3- ސްކޫލުގެ ޕްރޮފައިލް އަދާހަމަކުރޭ,އިދާރީ ލިޔެކިޔުންތައް ބަލަހައްޓައި އަދާހަމަކުރުން,5.2.5.1,އިދާރީ ލިޔެކިޔުންތައް ބެލެހެއްޓުން,5.2.5,ފެންވަރު 5.2: އިދާރީ ހިންގުން
520,1- ތިމާވެށި ރައްކާތެރިކުރުމާއި ދެމެހެއްޓެނިވި އާދަތަކާ ގުޅޭގޮތުން މުވައްޒަފުން ހޭލުންތެރިކުރޭ,ތިމާވެށްޓަށް ލޯބިކުރާ، ތިމާވެއްޓާ ރައްޓެހި ސްކޫލަކަށް ހެދުން,5.2.6.1,ތިމާވެށްޓާ ރަހުމަތްތެރި މާހައުލެއް ޤާއިމުކުރުން,5.2.6,ފެންވަރު 5.2: އިދާރީ ހިންގުން
521,2- ތިމާވެށި ރައްކާތެރިކުރުމާއި ދެމެހެއްޓެނިވި އާދަތަކާ ގުޅޭގޮތުން ދަރިވަރުން ހޭލުންތެރިކުރޭ,ތިމާވެށްޓަށް ލޯބިކުރާ، ތިމާވެއްޓާ ރައްޓެހި ސްކޫލަކަށް ހެދުން,5.2.6.1,ތިމާވެށްޓާ ރަހުމަތްތެރި މާހައުލެއް ޤާއިމުކުރުން,5.2.6,ފެންވަރު 5.2: އިދާރީ ހިންގުން
522,3- ގަސް އިންދާ ހެއްދުމަށް، ދަރިވަރުން ލޯބިކުރުމަށް ސްކޫލުން މަސައްކަތްކުރޭ,ތިމާވެށްޓަށް ލޯބިކުރާ، ތިމާވެއްޓާ ރައްޓެހި ސްކޫލަކަށް ހެދުން,5.2.6.1,ތިމާވެށްޓާ ރަހުމަތްތެރި މާހައުލެއް ޤާއިމުކުރުން,5.2.6,ފެންވަރު 5.2: އިދާރީ ހިންގުން
523,4- ޕްލާސްޓިކުން އުފައްދާފައިވާ ތަކެތީގެ ތެރެއިން އެއް ފަހަރު ބޭނުންކޮށްފައި އެއްލައިލާ ތަކެތި، ބޭނުންނުކުރުމަށް މުވައްޒަފުންނަށް ބާރުއަޅާ,ތިމާވެށްޓަށް ލޯބިކުރާ، ތިމާވެއްޓާ ރައްޓެހި ސްކޫލަކަށް ހެދުން,5.2.6.1,ތިމާވެށްޓާ ރަހުމަތްތެރި މާހައުލެއް ޤާއިމުކުރުން,5.2.6,ފެންވަރު 5.2: އިދާރީ ހިންގުން
900,5- ޕްލާސްޓިކުން އުފައްދާފައިވާ ތަކެތީގެ ތެރެއިން އެއް ފަހަރު ބޭނުންކޮށްފައި އެއްލައިލާ ތަކެތި، ބޭނުންނުކުރުމަށް ދަރިވަރުންނަށް ބާރުއަޅާ,ތިމާވެށްޓަށް ލޯބިކުރާ، ތިމާވެއްޓާ ރައްޓެހި ސްކޫލަކަށް ހެދުން,5.2.6.1,ތިމާވެށްޓާ ރަހުމަތްތެރި މާހައުލެއް ޤާއިމުކުރުން,5.2.6,ފެންވަރު 5.2: އިދާރީ ހިންގުން
524,6- 'ރެޑިއުސް، ރީ ޔޫޒް، ރީސައިކަލް' ކުރުމަށް ދަރިވަރުންނަށް ސްކޫލުން ބާރުއަޅާ,ތިމާވެށްޓަށް ލޯބިކުރާ، ތިމާވެއްޓާ ރައްޓެހި ސްކޫލަކަށް ހެދުން,5.2.6.1,ތިމާވެށްޓާ ރަހުމަތްތެރި މާހައުލެއް ޤާއިމުކުރުން,5.2.6,ފެންވަރު 5.2: އިދާރީ ހިންގުން
901,7- 'ރެޑިއުސް، ރީ ޔޫޒް، ރީސައިކަލް' ކުރުމަށް މުވައްޒަފުންނަށް ސްކޫލުން ބާރުއަޅާ,ތިމާވެށްޓަށް ލޯބިކުރާ، ތިމާވެއްޓާ ރައްޓެހި ސްކޫލަކަށް ހެދުން,5.2.6.1,ތިމާވެށްޓާ ރަހުމަތްތެރި މާހައުލެއް ޤާއިމުކުރުން,5.2.6,ފެންވަރު 5.2: އިދާރީ ހިންގުން
526,1- ވޭތުވެ ދިޔަ   އަހަރު ގުރޭޑު 10 ނިންމި ދަރިވަރުންގެ ތެރެއިން އޯލެވެލްގެ 3 މާއްދާ އާއި އެސްއެސްސީގެ 2 މާއްދާއިން މަދުވެގެން %60 ދަރިވަރުން ފާސްވެފައި ވޭ,ސްކޫލް ނިންމާ އިމްތިހާން ތަކުން ދަރިވަރުން ހާސިލްކުރާ މިންވަރު ވަޒަންކުރުން,5.2.7.1,ސްކޫލް ނިންމާ އިމްތިހާން ތަކުން ދަރިވަރުން ހާސިލްކުރާ މިންވަރު ވަޒަންކުރުން,5.2.7,ފެންވަރު 5.2: އިދާރީ ހިންގުން
527,2- ވޭތުވެ ދިޔަ  އަހަރު ގުރޭޑު 12 ނިންމި ދަރިވަރުންގެ ތެރެއިން އޭލެވެލް 2 މާއްދާ އާއި އެޗްއެސްސީގެ 1 މާއްދާއިން މަދުވެގެން %80 ދަރިވަރުން ފާސްވެފައި ވޭ,ސްކޫލް ނިންމާ އިމްތިހާން ތަކުން ދަރިވަރުން ހާސިލްކުރާ މިންވަރު ވަޒަންކުރުން,5.2.7.1,ސްކޫލް ނިންމާ އިމްތިހާން ތަކުން ދަރިވަރުން ހާސިލްކުރާ މިންވަރު ވަޒަންކުރުން,5.2.7,ފެންވަރު 5.2: އިދާރީ ހިންގުން
528,3- ވޭތުވެ ދިޔަ އަހަރު ސްކޫލުން އަންދާޒާކުރި ނަތީޖާ ޙާޞިލުވެފައި ވޭ,ސްކޫލް ނިންމާ އިމްތިހާން ތަކުން ދަރިވަރުން ހާސިލްކުރާ މިންވަރު ވަޒަންކުރުން,5.2.7.1,ސްކޫލް ނިންމާ އިމްތިހާން ތަކުން ދަރިވަރުން ހާސިލްކުރާ މިންވަރު ވަޒަންކުރުން,5.2.7,ފެންވަރު 5.2: އިދާރީ ހިންގުން
530,1- ޕްރައިމަރީ ގްރޭޑުތަކުގެ ދަރިވަރުން ކުރިއަރަމުން އަންނަ މިންވަރު ރެކޯޑުކުރޭ,ޕްރައިމަރީ ގްރޭޑުތަކުގެ ދަރިވަރުން ޙާޞިލުކުރާ މިންވަރު ދެނެގަތުން,5.3.2.1,ސްކޫލް ބޭސްޑް އެސެސްމަންޓްތަކުން ދަރިވަރުން ކުރިއަރަމުންދާ މިންވަރު ވަޒަންކުރުން,5.3.2,ފެންވަރު 5.3: ދަރިވަރުންގެ ކުރިއެރުމާއި ޙާޞިލުކުރާ މިންވަރު ވަޒަންކުރުން
531,2- އައުޓްކަމްތަކުން ދަރިވަރުން ޙާޞިލުކުރާ ނަތީޖާތަކުގެ އެނަލިސިސް ތައްޔާރުކުރޭ,ޕްރައިމަރީ ގްރޭޑުތަކުގެ ދަރިވަރުން ޙާޞިލުކުރާ މިންވަރު ދެނެގަތުން,5.3.2.1,ސްކޫލް ބޭސްޑް އެސެސްމަންޓްތަކުން ދަރިވަރުން ކުރިއަރަމުންދާ މިންވަރު ވަޒަންކުރުން,5.3.2,ފެންވަރު 5.3: ދަރިވަރުންގެ ކުރިއެރުމާއި ޙާޞިލުކުރާ މިންވަރު ވަޒަންކުރުން
532,3- ކަމާ ގުޅުންހުރި ފަރާތްތަކާ ހިއްސާކުރޭ,ޕްރައިމަރީ ގްރޭޑުތަކުގެ ދަރިވަރުން ޙާޞިލުކުރާ މިންވަރު ދެނެގަތުން,5.3.2.1,ސްކޫލް ބޭސްޑް އެސެސްމަންޓްތަކުން ދަރިވަރުން ކުރިއަރަމުންދާ މިންވަރު ވަޒަންކުރުން,5.3.2,ފެންވަރު 5.3: ދަރިވަރުންގެ ކުރިއެރުމާއި ޙާޞިލުކުރާ މިންވަރު ވަޒަންކުރުން
533,1- ގްރޭޑް 7އިން މަތީގެ ދަރިވަރުން ކުރިއަރަމުން އަންނަ މިންވަރު ރެކޯޑުކުރޭ,ގްރޭޑް 7އިން މަތީގެ ދަރިވަރުން ޙާޞިލުކުރާ މިންވަރު ދެނެގަތުން,5.3.2.2,ސްކޫލް ބޭސްޑް އެސެސްމަންޓްތަކުން ދަރިވަރުން ކުރިއަރަމުންދާ މިންވަރު ވަޒަންކުރުން,5.3.2,ފެންވަރު 5.3: ދަރިވަރުންގެ ކުރިއެރުމާއި ޙާޞިލުކުރާ މިންވަރު ވަޒަންކުރުން
534,2- ގްރޭޑް 7އިން މަތީގެ ދަރިވަރުންގެ ނަތީޖާތަކުގެ އެނަލިސިސް ތައްޔާރުކުރޭ,ގްރޭޑް 7އިން މަތީގެ ދަރިވަރުން ޙާޞިލުކުރާ މިންވަރު ދެނެގަތުން,5.3.2.2,ސްކޫލް ބޭސްޑް އެސެސްމަންޓްތަކުން ދަރިވަރުން ކުރިއަރަމުންދާ މިންވަރު ވަޒަންކުރުން,5.3.2,ފެންވަރު 5.3: ދަރިވަރުންގެ ކުރިއެރުމާއި ޙާޞިލުކުރާ މިންވަރު ވަޒަންކުރުން
535,3- ކަމާ ގުޅުންހުރި ފަރާތްތަކާ އެނަލިސިސް ހިއްސާކުރޭ,ގްރޭޑް 7އިން މަތީގެ ދަރިވަރުން ޙާޞިލުކުރާ މިންވަރު ދެނެގަތުން,5.3.2.2,ސްކޫލް ބޭސްޑް އެސެސްމަންޓްތަކުން ދަރިވަރުން ކުރިއަރަމުންދާ މިންވަރު ވަޒަންކުރުން,5.3.2,ފެންވަރު 5.3: ދަރިވަރުންގެ ކުރިއެރުމާއި ޙާޞިލުކުރާ މިންވަރު ވަޒަންކުރުން
537,1- ހުރިހައި ގްރޭޑެއްގެ ސްކީމްތައް ފަސޭހައިން އެއްތަނަކުން ފެންނާނެ ގޮތަށް އިންތިޒާމުކޮށްފައި ވޭ,އުނގަންނައިދިނުމާ ގުޅޭ ވަސީލަތްތައް ރައްކާތެރިކަމާ އެކު ބެލެހެއްޓޭނެ އިންތިޒާމު ހަމަޖައްސައިފައިވުން,5.4.1.1,އުނގަންނައިދިނުމާ ގުޅޭ ވަސީލަތްތައް ބަލަހައްޓާނެ ނިޒާމެއް ގާއިމުކުރުން,5.4.1,ފެންވަރު 5.4: އުނގެނުމާއި އުނގަންނައިދިނުމުގައި އިސްވެރިންގެ ދައުރު
538,2- ހުރިހައި ގްރޭޑެއްގެ ލެސަން ޕްލޭނުތައް ފަސޭހައިން އެއްތަނަކުން ފެންނާނެ ގޮތަށް އިންތިޒާމުކޮށްފައި ވޭ,އުނގަންނައިދިނުމާ ގުޅޭ ވަސީލަތްތައް ރައްކާތެރިކަމާ އެކު ބެލެހެއްޓޭނެ އިންތިޒާމު ހަމަޖައްސައިފައިވުން,5.4.1.1,އުނގަންނައިދިނުމާ ގުޅޭ ވަސީލަތްތައް ބަލަހައްޓާނެ ނިޒާމެއް ގާއިމުކުރުން,5.4.1,ފެންވަރު 5.4: އުނގެނުމާއި އުނގަންނައިދިނުމުގައި އިސްވެރިންގެ ދައުރު
539,3- އުނގަންނައިދިނުމުގެ އެހީގެ ގޮތުގައި ބޭނުންކުރާ ވަސީލަތްތައް އެއްތަނަކުން ފެންނާނެ އިންތިޒާމު ހަމަޖައްސައިފައި ވޭ,އުނގަންނައިދިނުމާ ގުޅޭ ވަސީލަތްތައް ރައްކާތެރިކަމާ އެކު ބެލެހެއްޓޭނެ އިންތިޒާމު ހަމަޖައްސައިފައިވުން,5.4.1.1,އުނގަންނައިދިނުމާ ގުޅޭ ވަސީލަތްތައް ބަލަހައްޓާނެ ނިޒާމެއް ގާއިމުކުރުން,5.4.1,ފެންވަރު 5.4: އުނގެނުމާއި އުނގަންނައިދިނުމުގައި އިސްވެރިންގެ ދައުރު
540,1- އުނގެނުމާއި އުނގަންނައިދިނުމާ ބެހޭ ގޮތުން މަޝްވަރާކުރުމަށް އެސް އެމް ޓީ މީޓިން ބާއްވާ,އުނގެނުމާއި އުނގަންނައިދިނުމާ ބެހޭ ގޮތުން  މަޝްވަރާކުރުން,5.4.2.1,އުނގެނުމާއި އުނގަންނައިދިނުމުގައި ޕްރިންސިޕަލުގެ ބައިވެރިވުން,5.4.2,ފެންވަރު 5.4: އުނގެނުމާއި އުނގަންނައިދިނުމުގައި އިސްވެރިންގެ ދައުރު
541,2 - ކޯޑިނޭޝަން މީޓިންތައް ކުރިއަށް ދާ ގޮތް ބަލައި އިރުޝާދު ދޭ,އުނގެނުމާއި އުނގަންނައިދިނުމާ ބެހޭ ގޮތުން  މަޝްވަރާކުރުން,5.4.2.1,އުނގެނުމާއި އުނގަންނައިދިނުމުގައި ޕްރިންސިޕަލުގެ ބައިވެރިވުން,5.4.2,ފެންވަރު 5.4: އުނގެނުމާއި އުނގަންނައިދިނުމުގައި އިސްވެރިންގެ ދައުރު
542,3- ލީޑިންޓީޗަރުންނާއި މުދައްރިސުންނާއެކު ބާއްވާ ބައްދަލުވުންތަކުގައި ކަރިކިއުލަމް ތަންފީޒުކުރުމަށް  ބޭނުންވާ ފަންނީ ލަފަޔާއި އިރުޝާދު ދޭ,އުނގެނުމާއި އުނގަންނައިދިނުމާ ބެހޭ ގޮތުން  މަޝްވަރާކުރުން,5.4.2.1,އުނގެނުމާއި އުނގަންނައިދިނުމުގައި ޕްރިންސިޕަލުގެ ބައިވެރިވުން,5.4.2,ފެންވަރު 5.4: އުނގެނުމާއި އުނގަންނައިދިނުމުގައި އިސްވެރިންގެ ދައުރު
543,1- މުދައްރިސުންގެ ފިލާވަޅުތައް ތާވަލުކޮށްގެން އޮބްޒާރވްކޮށް ލިޔުމުން ފީޑްބެކް ދޭ,އުނގެނުމާއި އުނގަންނައިދިނުމުގެ ކަންކަން މޮނިޓަރކުރުން,5.4.2.2,އުނގެނުމާއި އުނގަންނައިދިނުމުގައި ޕްރިންސިޕަލުގެ ބައިވެރިވުން,5.4.2,ފެންވަރު 5.4: އުނގެނުމާއި އުނގަންނައިދިނުމުގައި އިސްވެރިންގެ ދައުރު
544,2- ލީޑިންގ ޓީޗަރުންގެ ފިލާވަޅުތައް ތާވަލުކޮށްގެން އޮބްޒަރވްކޮށް ލިޔުމުން ފީޑްބެކް ދޭ,އުނގެނުމާއި އުނގަންނައިދިނުމުގެ ކަންކަން މޮނިޓަރކުރުން,5.4.2.2,އުނގެނުމާއި އުނގަންނައިދިނުމުގައި ޕްރިންސިޕަލުގެ ބައިވެރިވުން,5.4.2,ފެންވަރު 5.4: އުނގެނުމާއި އުނގަންނައިދިނުމުގައި އިސްވެރިންގެ ދައުރު
545,3- ހުރިހައި ލީޑިންގ ޓީޗަރުންނަށް ކިޔަވައިދޭނެ ގަޑިތައް ހަވާލުކޮށް، އެ ގަޑިތަކުގައި ކިޔަވައިދޭކަން ކަށަވަރުކުރޭ,އުނގެނުމާއި އުނގަންނައިދިނުމުގެ ކަންކަން މޮނިޓަރކުރުން,5.4.2.2,އުނގެނުމާއި އުނގަންނައިދިނުމުގައި ޕްރިންސިޕަލުގެ ބައިވެރިވުން,5.4.2,ފެންވަރު 5.4: އުނގެނުމާއި އުނގަންނައިދިނުމުގައި އިސްވެރިންގެ ދައުރު
546,1- އެސެސްމަންޓް އެނަލިސިސްގެ ހޯދުންތަކާ ގުޅޭ ގޮތުންހިއްސާވާ ފަރާތްތަކާ މަޝްވަރާކުރޭ,އެސެސްމަންޓްތަކާ ގުޅިގެން އަޅަންޖެހޭ ފިޔަވަޅުތައް އެޅުން,5.4.2.3,އުނގެނުމާއި އުނގަންނައިދިނުމުގައި ޕްރިންސިޕަލުގެ ބައިވެރިވުން,5.4.2,ފެންވަރު 5.4: އުނގެނުމާއި އުނގަންނައިދިނުމުގައި އިސްވެރިންގެ ދައުރު
547,2- އެސެސްމަންޓް އެނަލިސިސްގެ ހޯދުންތަކާ ގުޅިގެން އުނގެނުމާއި އުނގަންނައިދިނުމަށް ގެންނަންޖެހޭ ބަދަލުތައް ގެންނަކަން ކަށަވަރުކުރޭ,އެސެސްމަންޓްތަކާ ގުޅިގެން އަޅަންޖެހޭ ފިޔަވަޅުތައް އެޅުން,5.4.2.3,އުނގެނުމާއި އުނގަންނައިދިނުމުގައި ޕްރިންސިޕަލުގެ ބައިވެރިވުން,5.4.2,ފެންވަރު 5.4: އުނގެނުމާއި އުނގަންނައިދިނުމުގައި އިސްވެރިންގެ ދައުރު
548,3- އެސެސްމަންޓް އެނަލިސިސްގެ ހޯދުންތަކަށް ބިނާކޮށް، މުދައްރިސުންނަށް ބޭނުންވާ ފަންނީ ލަފަޔާއި އިރުޝާދު ދޭ,އެސެސްމަންޓްތަކާ ގުޅިގެން އަޅަންޖެހޭ ފިޔަވަޅުތައް އެޅުން,5.4.2.3,އުނގެނުމާއި އުނގަންނައިދިނުމުގައި ޕްރިންސިޕަލުގެ ބައިވެރިވުން,5.4.2,ފެންވަރު 5.4: އުނގެނުމާއި އުނގަންނައިދިނުމުގައި އިސްވެރިންގެ ދައުރު
804,1- ލީޑިން ޓީޗަރުންގެ ފިލާވަޅުތައް އޮބްޒަރވްކޮށް ލިޔުމުން ފީޑްބެކް ދޭ,އުނގެނުމާއި އުނގަންނައިދިނުމާ ގުޅޭ ކަންކަން ބެލެހެއްޓުން,5.4.2.4,އުނގެނުމާއި އުނގަންނައިދިނުމުގައި ޕްރިންސިޕަލުގެ ބައިވެރިވުން,5.4.2,ފެންވަރު 5.4: އުނގެނުމާއި އުނގަންނައިދިނުމުގައި އިސްވެރިންގެ ދައުރު
805,2- މުދައްރިސުންގެ ފިލާވަޅުތައް އޮބްޒަރވްކޮށް ލިޔުމުން ފީޑްބެކް ދޭ,އުނގެނުމާއި އުނގަންނައިދިނުމާ ގުޅޭ ކަންކަން ބެލެހެއްޓުން,5.4.2.4,އުނގެނުމާއި އުނގަންނައިދިނުމުގައި ޕްރިންސިޕަލުގެ ބައިވެރިވުން,5.4.2,ފެންވަރު 5.4: އުނގެނުމާއި އުނގަންނައިދިނުމުގައި އިސްވެރިންގެ ދައުރު
806,3- އިންފޯމަލް އޮބްޒަރވޭޝަން  ކުރިއަށްގެންދޭ (ވިންޑޯ އޮބްޒަރވޭޝަން ),އުނގެނުމާއި އުނގަންނައިދިނުމާ ގުޅޭ ކަންކަން ބެލެހެއްޓުން,5.4.2.4,އުނގެނުމާއި އުނގަންނައިދިނުމުގައި ޕްރިންސިޕަލުގެ ބައިވެރިވުން,5.4.2,ފެންވަރު 5.4: އުނގެނުމާއި އުނގަންނައިދިނުމުގައި އިސްވެރިންގެ ދައުރު
550,1- އެކްޓިވިޓީ ކަލަންޑަރުގައި ހިމަނައިފައިވާ ހަރަކާތްތައް ކުރިއަށް ގެންދާކަން ކަށަވަރުކުރޭ,ސްކޫލް ތެރޭގައި ހަރަކާތްތެރިވެ އުޅުން,5.4.3.1,ޕްރިންސިޕަލުގެ  ބައިވެރިވުމާއި ހަރަކާތްތެރިކަން,5.4.3,ފެންވަރު 5.4: އުނގެނުމާއި އުނގަންނައިދިނުމުގައި އިސްވެރިންގެ ދައުރު
551,2- ހަރަކާތްތައް ކުރިއަށް ގެންދިއުމަށް ބޭނުންވާ ލަފަޔާއި އިރުޝާދު ދޭ,ސްކޫލް ތެރޭގައި ހަރަކާތްތެރިވެ އުޅުން,5.4.3.1,ޕްރިންސިޕަލުގެ  ބައިވެރިވުމާއި ހަރަކާތްތެރިކަން,5.4.3,ފެންވަރު 5.4: އުނގެނުމާއި އުނގަންނައިދިނުމުގައި އިސްވެރިންގެ ދައުރު
807,3- ދަރިވަރުން ސްކޫލުގައި އުޅޭ ވަގުތުތަކުގައި ޕްރިންސިޕަލް ދަރިވަރުންނާ ބައްދަލުވެ، ވާހަކަދައްކައި ހަދާ,ސްކޫލް ތެރޭގައި ހަރަކާތްތެރިވެ އުޅުން,5.4.3.1,ޕްރިންސިޕަލުގެ  ބައިވެރިވުމާއި ހަރަކާތްތެރިކަން,5.4.3,ފެންވަރު 5.4: އުނގެނުމާއި އުނގަންނައިދިނުމުގައި އިސްވެރިންގެ ދައުރު
808,4- މުދައްރިސުން  ސްކޫލުގައި އުޅޭ ވަގުތުތަކުގައި ޕްރިންސިޕަލް މުދައްރިސުންނާ  ބައްދަލުވެ، ވާހަކަދައްކައި ހަދާ,ސްކޫލް ތެރޭގައި ހަރަކާތްތެރިވެ އުޅުން,5.4.3.1,ޕްރިންސިޕަލުގެ  ބައިވެރިވުމާއި ހަރަކާތްތެރިކަން,5.4.3,ފެންވަރު 5.4: އުނގެނުމާއި އުނގަންނައިދިނުމުގައި އިސްވެރިންގެ ދައުރު
810,5- ސްކޫލުން ކުރިއަށްގެންދާ ހަރަކާތްތައް ކުރިއަށްދާ އިރު ޕްރިންސިޕަލް ހާޒިރުވޭ,ސްކޫލް ތެރޭގައި ހަރަކާތްތެރިވެ އުޅުން,5.4.3.1,ޕްރިންސިޕަލުގެ  ބައިވެރިވުމާއި ހަރަކާތްތެރިކަން,5.4.3,ފެންވަރު 5.4: އުނގެނުމާއި އުނގަންނައިދިނުމުގައި އިސްވެރިންގެ ދައުރު
552,1- މުވައްޒަފުންނާ މަސްއޫލިއްޔަތު ހަވާލުކޮށްފައި ވޭ,މުވައްޒަފުންނާ ހަވާލުކޮށްފައިވާ ޒިންމާތަކާއި މަސްއޫލިއްޔަތުތަކަށް ޕްރިންސިޕަލް މުވައްޒަފުން ޖަވާބުދާރީކުރުވުން,5.4.4.1, ޕްރިންސިޕަލް، މުވައްޒަފުން ޖަވާބުދާރީކުރުވުން,5.4.4,ފެންވަރު 5.4: އުނގެނުމާއި އުނގަންނައިދިނުމުގައި އިސްވެރިންގެ ދައުރު
553,2- މުވައްޒަފުންގެ މަސައްކަތްތައް ރިޕޯޓުކުރާނެ ނިޒާމެއް ހަމަޖައްސައިފައި ވޭ,މުވައްޒަފުންނާ ހަވާލުކޮށްފައިވާ ޒިންމާތަކާއި މަސްއޫލިއްޔަތުތަކަށް ޕްރިންސިޕަލް މުވައްޒަފުން ޖަވާބުދާރީކުރުވުން,5.4.4.1, ޕްރިންސިޕަލް، މުވައްޒަފުން ޖަވާބުދާރީކުރުވުން,5.4.4,ފެންވަރު 5.4: އުނގެނުމާއި އުނގަންނައިދިނުމުގައި އިސްވެރިންގެ ދައުރު
554,3- މުވައްޒަފުން ޒިންމާދާރުކުރުމުގެ ގޮތުން އަޅަންޖެހޭ ފިޔަވަޅުތައްއަޅާ,މުވައްޒަފުންނާ ހަވާލުކޮށްފައިވާ ޒިންމާތަކާއި މަސްއޫލިއްޔަތުތަކަށް ޕްރިންސިޕަލް މުވައްޒަފުން ޖަވާބުދާރީކުރުވުން,5.4.4.1, ޕްރިންސިޕަލް، މުވައްޒަފުން ޖަވާބުދާރީކުރުވުން,5.4.4,ފެންވަރު 5.4: އުނގެނުމާއި އުނގަންނައިދިނުމުގައި އިސްވެރިންގެ ދައުރު
555,1-  ކޯޑިނޭޝަންތައް ކުރިއަށްދާ ގޮތް  ޑެޕިއުޓީ ޕްރިންސިޕަލް ބަލައި އިރުޝާދު ދޭ,އުނގެނުމާއި އުނގަންނައިދިނުމުގެ ކަންކަން މޮނިޓަރކޮށް މުވައްޒަފުންނަށް ބޭނުންވާ ފަންނީ ލަފަޔާއި އިރުޝާދު ދިނުން,5.4.5.1,އުނގެނުމާއި އުނގަންނައިދިނުމުގައި ޑެޕިއުޓީ ޕްރިންސިޕަލުގެ ބައިވެރިވުން,5.4.5,ފެންވަރު 5.4: އުނގެނުމާއި އުނގަންނައިދިނުމުގައި އިސްވެރިންގެ ދައުރު
556,2-  ލީޑިންގ ޓީޗަރުންގެ ފިލާވަޅުތައް ތާވަލުކޮށްގެން އޮބްޒާވްކޮށް ލިޔުމުން ފީޑުބެކު ދޭ,އުނގެނުމާއި އުނގަންނައިދިނުމުގެ ކަންކަން މޮނިޓަރކޮށް މުވައްޒަފުންނަށް ބޭނުންވާ ފަންނީ ލަފަޔާއި އިރުޝާދު ދިނުން,5.4.5.1,އުނގެނުމާއި އުނގަންނައިދިނުމުގައި ޑެޕިއުޓީ ޕްރިންސިޕަލުގެ ބައިވެރިވުން,5.4.5,ފެންވަރު 5.4: އުނގެނުމާއި އުނގަންނައިދިނުމުގައި އިސްވެރިންގެ ދައުރު
557,3- މުދައްރިސުންގެ ފިލާވަޅުތައް ތާވަލުކޮށްގެން އޮބްޒާވްކޮށް ލިޔުމުން ފީޑުބެކު ދޭ,އުނގެނުމާއި އުނގަންނައިދިނުމުގެ ކަންކަން މޮނިޓަރކޮށް މުވައްޒަފުންނަށް ބޭނުންވާ ފަންނީ ލަފަޔާއި އިރުޝާދު ދިނުން,5.4.5.1,އުނގެނުމާއި އުނގަންނައިދިނުމުގައި ޑެޕިއުޓީ ޕްރިންސިޕަލުގެ ބައިވެރިވުން,5.4.5,ފެންވަރު 5.4: އުނގެނުމާއި އުނގަންނައިދިނުމުގައި އިސްވެރިންގެ ދައުރު
558,4- ދަރިވަރުންގެ ފޮތްތައް ބަލައި ލީޑިންގ ޓީޗަރުންނަށް ފީޑުބެކް ދޭ,އުނގެނުމާއި އުނގަންނައިދިނުމުގެ ކަންކަން މޮނިޓަރކޮށް މުވައްޒަފުންނަށް ބޭނުންވާ ފަންނީ ލަފަޔާއި އިރުޝާދު ދިނުން,5.4.5.1,އުނގެނުމާއި އުނގަންނައިދިނުމުގައި ޑެޕިއުޓީ ޕްރިންސިޕަލުގެ ބައިވެރިވުން,5.4.5,ފެންވަރު 5.4: އުނގެނުމާއި އުނގަންނައިދިނުމުގައި އިސްވެރިންގެ ދައުރު
559,5- ދަރިވަރުންގެ ފޮތްތައް ބަލައި މުދައްރިސުންނަށް ފީޑުބެކް ދޭ,އުނގެނުމާއި އުނގަންނައިދިނުމުގެ ކަންކަން މޮނިޓަރކޮށް މުވައްޒަފުންނަށް ބޭނުންވާ ފަންނީ ލަފަޔާއި އިރުޝާދު ދިނުން,5.4.5.1,އުނގެނުމާއި އުނގަންނައިދިނުމުގައި ޑެޕިއުޓީ ޕްރިންސިޕަލުގެ ބައިވެރިވުން,5.4.5,ފެންވަރު 5.4: އުނގެނުމާއި އުނގަންނައިދިނުމުގައި އިސްވެރިންގެ ދައުރު
560,1- އުނގެނުމާއި އުނގަންނައިދިނުމުގެ ކަންތައްތަކުގެ ރެކޯޑުތައް ބަލަހައްޓާ,ޑެޕިއުޓީ ޕްރިންސިޕަލުންގެ ބެލުމުގެ ދަށުގައިވާ މުވައްޒަފުންނާ ހަވާލުކޮށްފައިވާ ޒިންމާތަކާއި މަސްއޫލިއްޔަތުތަކަށް އެ މުވައްޒަފުން ޖަވާބުދާރީކުރުވުން,5.4.5.2,އުނގެނުމާއި އުނގަންނައިދިނުމުގައި ޑެޕިއުޓީ ޕްރިންސިޕަލުގެ ބައިވެރިވުން,5.4.5,ފެންވަރު 5.4: އުނގެނުމާއި އުނގަންނައިދިނުމުގައި އިސްވެރިންގެ ދައުރު
561,2- މުވައްޒަފުންގެ މަސައްކަތްތައް މުއްދަތަށް ނިންމާކަން ކަށަވަރުކުރޭ,ޑެޕިއުޓީ ޕްރިންސިޕަލުންގެ ބެލުމުގެ ދަށުގައިވާ މުވައްޒަފުންނާ ހަވާލުކޮށްފައިވާ ޒިންމާތަކާއި މަސްއޫލިއްޔަތުތަކަށް އެ މުވައްޒަފުން ޖަވާބުދާރީކުރުވުން,5.4.5.2,އުނގެނުމާއި އުނގަންނައިދިނުމުގައި ޑެޕިއުޓީ ޕްރިންސިޕަލުގެ ބައިވެރިވުން,5.4.5,ފެންވަރު 5.4: އުނގެނުމާއި އުނގަންނައިދިނުމުގައި އިސްވެރިންގެ ދައުރު
562,3- މުވައްޒަފުން ޒިންމާދާރުކުރުމުގެ ގޮތުން އަޅަންޖެހޭ ފިޔަވަޅުތައް އަޅާ,ޑެޕިއުޓީ ޕްރިންސިޕަލުންގެ ބެލުމުގެ ދަށުގައިވާ މުވައްޒަފުންނާ ހަވާލުކޮށްފައިވާ ޒިންމާތަކާއި މަސްއޫލިއްޔަތުތަކަށް އެ މުވައްޒަފުން ޖަވާބުދާރީކުރުވުން,5.4.5.2,އުނގެނުމާއި އުނގަންނައިދިނުމުގައި ޑެޕިއުޓީ ޕްރިންސިޕަލުގެ ބައިވެރިވުން,5.4.5,ފެންވަރު 5.4: އުނގެނުމާއި އުނގަންނައިދިނުމުގައި އިސްވެރިންގެ ދައުރު
563,1- ލީޑިންގ ޓީޗަރުން ކޯޑިނޭޝަން މީޓިންތައް ކުރިއަށް ގެންދޭ ,ކޯޑިނޭޝަން މީޓިންތައް ލީޑިންގ ޓީޗަރުން ކުރިއަށް ގެންގޮސް ފަންނީ ލަފަޔާއި އިރުޝާދުދިނުން,5.4.6.1,ލީޑިންގ ޓީޗަރުން އުނގެނުމާއި އުގަންނައިދިނުމުގެ ކަންކަން ބަލައި މޮނިޓަރކުރުން,5.4.6,ފެންވަރު 5.4: އުނގެނުމާއި އުނގަންނައިދިނުމުގައި އިސްވެރިންގެ ދައުރު
564,2- ކޯޑިނޭޝަން މީޓިންތަކުގައި މުދައްރިސުންނަށް ފަންނީލަފަޔާއި އިރުޝާދު ދޭ,ކޯޑިނޭޝަން މީޓިންތައް ލީޑިންގ ޓީޗަރުން ކުރިއަށް ގެންގޮސް ފަންނީ ލަފަޔާއި އިރުޝާދުދިނުން,5.4.6.1,ލީޑިންގ ޓީޗަރުން އުނގެނުމާއި އުގަންނައިދިނުމުގެ ކަންކަން ބަލައި މޮނިޓަރކުރުން,5.4.6,ފެންވަރު 5.4: އުނގެނުމާއި އުނގަންނައިދިނުމުގައި އިސްވެރިންގެ ދައުރު
565,3- ކޯޑިނޭޝަނުގައި މަޝްވަރާކުރާ ކަންކަން ކުރުމަށް މަގުފަހިކޮށްދޭ,ކޯޑިނޭޝަން މީޓިންތައް ލީޑިންގ ޓީޗަރުން ކުރިއަށް ގެންގޮސް ފަންނީ ލަފަޔާއި އިރުޝާދުދިނުން,5.4.6.1,ލީޑިންގ ޓީޗަރުން އުނގެނުމާއި އުގަންނައިދިނުމުގެ ކަންކަން ބަލައި މޮނިޓަރކުރުން,5.4.6,ފެންވަރު 5.4: އުނގެނުމާއި އުނގަންނައިދިނުމުގައި އިސްވެރިންގެ ދައުރު
566,1- ކޯޑިނޭޝަނުގައި މަޝްވަރާކުރެވުނު ގޮތަށް ލެސަން ޕްލޭން ތައްޔާރުކުރާކަން ކަށަވަރުކުރޭ,ލީޑިންގ ޓީޗަރުން މުދައްރިސުންގެ ލެސަން ޕްލޭނުތައް ބަލައި އިރުޝާދުދިނުން,5.4.6.2,ލީޑިންގ ޓީޗަރުން އުނގެނުމާއި އުގަންނައިދިނުމުގެ ކަންކަން ބަލައި މޮނިޓަރކުރުން,5.4.6,ފެންވަރު 5.4: އުނގެނުމާއި އުނގަންނައިދިނުމުގައި އިސްވެރިންގެ ދައުރު
567,2- ލެސަން ޕްލޭނަށް ފީޑްބެކް ދޭ,ލީޑިންގ ޓީޗަރުން މުދައްރިސުންގެ ލެސަން ޕްލޭނުތައް ބަލައި އިރުޝާދުދިނުން,5.4.6.2,ލީޑިންގ ޓީޗަރުން އުނގެނުމާއި އުގަންނައިދިނުމުގެ ކަންކަން ބަލައި މޮނިޓަރކުރުން,5.4.6,ފެންވަރު 5.4: އުނގެނުމާއި އުނގަންނައިދިނުމުގައި އިސްވެރިންގެ ދައުރު
568,3- ރަނގަޅުކުރުމަށް އިރުޝާދު ދޭ ކަންކަން ރަނގަޅުކުރާކަން ކަށަވަރުކުރޭ,ލީޑިންގ ޓީޗަރުން މުދައްރިސުންގެ ލެސަން ޕްލޭނުތައް ބަލައި އިރުޝާދުދިނުން,5.4.6.2,ލީޑިންގ ޓީޗަރުން އުނގެނުމާއި އުގަންނައިދިނުމުގެ ކަންކަން ބަލައި މޮނިޓަރކުރުން,5.4.6,ފެންވަރު 5.4: އުނގެނުމާއި އުނގަންނައިދިނުމުގައި އިސްވެރިންގެ ދައުރު
569,1- ޑިވެލޮޕްމަންޓަލް ސްޕަވިޝަން ކުރިއަށް ގެންދޭ, ތާވަލުކޮށްގެން، މުދައްރިސުންގެ ފިލާވަޅުތައް ލީޑިންގ ޓީޗަރުން އޮބްޒާވްކޮށް، ފީޑުބެކްދިނުން,5.4.6.3,ލީޑިންގ ޓީޗަރުން އުނގެނުމާއި އުގަންނައިދިނުމުގެ ކަންކަން ބަލައި މޮނިޓަރކުރުން,5.4.6,ފެންވަރު 5.4: އުނގެނުމާއި އުނގަންނައިދިނުމުގައި އިސްވެރިންގެ ދައުރު
570,2- މުދައްރިސުންގެ ފިލާވަޅުތައް އޮބްޒާވްކުރޭ, ތާވަލުކޮށްގެން، މުދައްރިސުންގެ ފިލާވަޅުތައް ލީޑިންގ ޓީޗަރުން އޮބްޒާވްކޮށް، ފީޑުބެކްދިނުން,5.4.6.3,ލީޑިންގ ޓީޗަރުން އުނގެނުމާއި އުގަންނައިދިނުމުގެ ކަންކަން ބަލައި މޮނިޓަރކުރުން,5.4.6,ފެންވަރު 5.4: އުނގެނުމާއި އުނގަންނައިދިނުމުގައި އިސްވެރިންގެ ދައުރު
571,3- މުދައްރިސުންނަށް ލިޔުމުން ފީޑުބެކް ދޭ, ތާވަލުކޮށްގެން، މުދައްރިސުންގެ ފިލާވަޅުތައް ލީޑިންގ ޓީޗަރުން އޮބްޒާވްކޮށް، ފީޑުބެކްދިނުން,5.4.6.3,ލީޑިންގ ޓީޗަރުން އުނގެނުމާއި އުގަންނައިދިނުމުގެ ކަންކަން ބަލައި މޮނިޓަރކުރުން,5.4.6,ފެންވަރު 5.4: އުނގެނުމާއި އުނގަންނައިދިނުމުގައި އިސްވެރިންގެ ދައުރު
572,1- ދަރިވަރުންގެ މަސައްކަތް ބަލައި އިރުޝާދު ދޭ,ދަރިވަރުންގެ މަސައްކަތްތައް ބެލުން,5.4.6.4,ލީޑިންގ ޓީޗަރުން އުނގެނުމާއި އުގަންނައިދިނުމުގެ ކަންކަން ބަލައި މޮނިޓަރކުރުން,5.4.6,ފެންވަރު 5.4: އުނގެނުމާއި އުނގަންނައިދިނުމުގައި އިސްވެރިންގެ ދައުރު
573,2- މުދައްރިސުން ދަރިވަރުންގެ މަސައްކަތް ބަލައި، ފީޑްބެކް ދޭކަން ކަށަވަރުކުރޭ,ދަރިވަރުންގެ މަސައްކަތްތައް ބެލުން,5.4.6.4,ލީޑިންގ ޓީޗަރުން އުނގެނުމާއި އުގަންނައިދިނުމުގެ ކަންކަން ބަލައި މޮނިޓަރކުރުން,5.4.6,ފެންވަރު 5.4: އުނގެނުމާއި އުނގަންނައިދިނުމުގައި އިސްވެރިންގެ ދައުރު
574,3- ބެލެނިވެރިން ދަރިވަރުންގެ މަސައްކަތް ބަލާކަން ކަށަވަރުކުރޭ,ދަރިވަރުންގެ މަސައްކަތްތައް ބެލުން,5.4.6.4,ލީޑިންގ ޓީޗަރުން އުނގެނުމާއި އުގަންނައިދިނުމުގެ ކަންކަން ބަލައި މޮނިޓަރކުރުން,5.4.6,ފެންވަރު 5.4: އުނގެނުމާއި އުނގަންނައިދިނުމުގައި އިސްވެރިންގެ ދައުރު
575,1- މުދައްރިސުންގެ މަސައްކަތާ ގުޅޭ ލިޔެކިޔުންތައް ބަލަހައްޓާ,މަސްއޫލިއްޔަތުތަކާ ގުޅޭ ލިޔެކިޔުންތައް އަދާހަމަކޮށް ބެލެހެއްޓުން,5.4.6.5,ލީޑިންގ ޓީޗަރުން އުނގެނުމާއި އުގަންނައިދިނުމުގެ ކަންކަން ބަލައި މޮނިޓަރކުރުން,5.4.6,ފެންވަރު 5.4: އުނގެނުމާއި އުނގަންނައިދިނުމުގައި އިސްވެރިންގެ ދައުރު
576,2- ހަވާލުކޮށްފައިވާ އެހެނިހެން މަސައްކަތްތަކާ ގުޅޭ ލިޔެކިޔުންތައް ބަލަހައްޓާ,މަސްއޫލިއްޔަތުތަކާ ގުޅޭ ލިޔެކިޔުންތައް އަދާހަމަކޮށް ބެލެހެއްޓުން,5.4.6.5,ލީޑިންގ ޓީޗަރުން އުނގެނުމާއި އުގަންނައިދިނުމުގެ ކަންކަން ބަލައި މޮނިޓަރކުރުން,5.4.6,ފެންވަރު 5.4: އުނގެނުމާއި އުނގަންނައިދިނުމުގައި އިސްވެރިންގެ ދައުރު
577,3- ލިޔެކިޔުންތައް ފަސޭހައިން ފެންނާނެ ގޮތަށް ތަރުތީބުކޮށް ބަލަހައްޓާ,މަސްއޫލިއްޔަތުތަކާ ގުޅޭ ލިޔެކިޔުންތައް އަދާހަމަކޮށް ބެލެހެއްޓުން,5.4.6.5,ލީޑިންގ ޓީޗަރުން އުނގެނުމާއި އުގަންނައިދިނުމުގެ ކަންކަން ބަލައި މޮނިޓަރކުރުން,5.4.6,ފެންވަރު 5.4: އުނގެނުމާއި އުނގަންނައިދިނުމުގައި އިސްވެރިންގެ ދައުރު
578,1- ޑެއިލީ ރައުންޑްތަކަށް ދިއުމަށް ތާވަލެއް ހަދާފައި ވޭ,ޑެއިލީ ރައުންޑްތަކަށް ދިއުން,5.4.6.6,ލީޑިންގ ޓީޗަރުން އުނގެނުމާއި އުގަންނައިދިނުމުގެ ކަންކަން ބަލައި މޮނިޓަރކުރުން,5.4.6,ފެންވަރު 5.4: އުނގެނުމާއި އުނގަންނައިދިނުމުގައި އިސްވެރިންގެ ދައުރު
579,2- ރައުންޑްތަކުން ފާހަގަކުރެވޭ ކަންކަން ރެކޯޑުކުރަމުން ދޭ,ޑެއިލީ ރައުންޑްތަކަށް ދިއުން,5.4.6.6,ލީޑިންގ ޓީޗަރުން އުނގެނުމާއި އުގަންނައިދިނުމުގެ ކަންކަން ބަލައި މޮނިޓަރކުރުން,5.4.6,ފެންވަރު 5.4: އުނގެނުމާއި އުނގަންނައިދިނުމުގައި އިސްވެރިންގެ ދައުރު
580,3- ފާހަގަކުރެވޭ ކަންކަމަށް ފިޔަވަޅުއަޅާ,ޑެއިލީ ރައުންޑްތަކަށް ދިއުން,5.4.6.6,ލީޑިންގ ޓީޗަރުން އުނގެނުމާއި އުގަންނައިދިނުމުގެ ކަންކަން ބަލައި މޮނިޓަރކުރުން,5.4.6,ފެންވަރު 5.4: އުނގެނުމާއި އުނގަންނައިދިނުމުގައި އިސްވެރިންގެ ދައުރު
581,1- ފައުންޑޭޝަން ސްޓޭޖުގެ ދަރިވަރުންނަށް މަދުވެގެން  3 ގަޑިއިރު ކިޔަވައިދޭކަން ކަށަވަރުކުރޭ,ފައުންޑޭޝަން ސްޓޭޖުގައި އުނގަންނައިދިނުމަށް ކަނޑައަޅައިފައިވާ ވަގުތު ބޭނުންކުރާ ގޮތް މޮނިޓަރކުރުން  ,5.4.6.7,ލީޑިންގ ޓީޗަރުން އުނގެނުމާއި އުގަންނައިދިނުމުގެ ކަންކަން ބަލައި މޮނިޓަރކުރުން,5.4.6,ފެންވަރު 5.4: އުނގެނުމާއި އުނގަންނައިދިނުމުގައި އިސްވެރިންގެ ދައުރު
582,2- ކޮންމެ ދުވަހަކު ވެސް ކުލާހުން ބޭރުގައި މަދުވެގެން 30 މިނިޓް (10 މިނިޓް ގައިޑެޑްކޮށް) ކުޅުމުގެ ފުރުސަތު ދަރިވަރުންނަށް ދޭކަން ކަށަވަރުކުރޭ,ފައުންޑޭޝަން ސްޓޭޖުގައި އުނގަންނައިދިނުމަށް ކަނޑައަޅައިފައިވާ ވަގުތު ބޭނުންކުރާ ގޮތް މޮނިޓަރކުރުން  ,5.4.6.7,ލީޑިންގ ޓީޗަރުން އުނގެނުމާއި އުގަންނައިދިނުމުގެ ކަންކަން ބަލައި މޮނިޓަރކުރުން,5.4.6,ފެންވަރު 5.4: އުނގެނުމާއި އުނގަންނައިދިނުމުގައި އިސްވެރިންގެ ދައުރު
583,3- ދަރިވަރުންނަށް ކިޔަވައިދިނުމުގައި އެސިސްޓެންޓް ޓީޗަރު، ދުވާލަކު މަދުވެގެން 2 ގަޑިއިރު ކުލާސް ޓީޗަރަށް އެހީތެރިވެދޭކަން ކަށަވަރުކުރޭ,ފައުންޑޭޝަން ސްޓޭޖުގައި އުނގަންނައިދިނުމަށް ކަނޑައަޅައިފައިވާ ވަގުތު ބޭނުންކުރާ ގޮތް މޮނިޓަރކުރުން  ,5.4.6.7,ލީޑިންގ ޓީޗަރުން އުނގެނުމާއި އުގަންނައިދިނުމުގެ ކަންކަން ބަލައި މޮނިޓަރކުރުން,5.4.6,ފެންވަރު 5.4: އުނގެނުމާއި އުނގަންނައިދިނުމުގައި އިސްވެރިންގެ ދައުރު
584,1- ހަފްތާއަކު މަދުވެގެން އެއް ދުވަހު، ދަރިވަރުންނަށް ވެއްޔާކުޅުމުގެ ފުރުސަތު ދޭަކަން ކަށަވަރުކުރޭ ,ފައުންޑޭޝަން ސްޓޭޖުގެ ދަރިވަރުންނަށް ކްލާސްރޫމުން ބޭރުގައި ދޭންޖެހޭ ފުރުސަތުތައް ދިނުން  ,5.4.6.8,ލީޑިންގ ޓީޗަރުން އުނގެނުމާއި އުގަންނައިދިނުމުގެ ކަންކަން ބަލައި މޮނިޓަރކުރުން,5.4.6,ފެންވަރު 5.4: އުނގެނުމާއި އުނގަންނައިދިނުމުގައި އިސްވެރިންގެ ދައުރު
585,2- ހަފްތާއަކު މަދުވެގެން އެއް ދުވަހު، ދަރިވަރުންނަށް ފެނާކުޅުމުގެ ފުރުސަތު ދޭަކަން ކަށަވަރުކުރޭ ,ފައުންޑޭޝަން ސްޓޭޖުގެ ދަރިވަރުންނަށް ކްލާސްރޫމުން ބޭރުގައި ދޭންޖެހޭ ފުރުސަތުތައް ދިނުން  ,5.4.6.8,ލީޑިންގ ޓީޗަރުން އުނގެނުމާއި އުގަންނައިދިނުމުގެ ކަންކަން ބަލައި މޮނިޓަރކުރުން,5.4.6,ފެންވަރު 5.4: އުނގެނުމާއި އުނގަންނައިދިނުމުގައި އިސްވެރިންގެ ދައުރު
586,3- އުނގަންނައިދޭ ފިލާވަޅާ ގުޅުވައިގެން މައިދާނީ ދަތުރުތައް (ފީލްޑް ވިޒިޓްސް) ކުރިއަށް ގެންދާކަން ކަށަވަރުކުރޭ ,ފައުންޑޭޝަން ސްޓޭޖުގެ ދަރިވަރުންނަށް ކްލާސްރޫމުން ބޭރުގައި ދޭންޖެހޭ ފުރުސަތުތައް ދިނުން  ,5.4.6.8,ލީޑިންގ ޓީޗަރުން އުނގެނުމާއި އުގަންނައިދިނުމުގެ ކަންކަން ބަލައި މޮނިޓަރކުރުން,5.4.6,ފެންވަރު 5.4: އުނގެނުމާއި އުނގަންނައިދިނުމުގައި އިސްވެރިންގެ ދައުރު
743,1- މަންހަޖު ތަންފީޒުކުރުމަށް ބޭނުންވާ ފަންނީ އެހީތެރިކަން ޕްރިންސިޕަލްގެ ފަރާތުން ލިބޭ,މަންހަޖު ތަންފީޒުކުރުމަށް ބޭނުންވާ ފަންނީ އެހީތެރިކަން ލިބުން,5.4.7.1,މަންހަޖު ތަންފީޒުކުރުމަށް ބޭނުންވާ ފަންނީ އެހީތެރިކަން ލިބުން,5.4.7,ފެންވަރު 5.4: އުނގެނުމާއި އުނގަންނައިދިނުމުގައި އިސްވެރިންގެ ދައުރު
744,2- މަންހަޖު ތަންފީޒުކުރުމަށް ބޭނުންވާ ފަންނީ އެހީތެރިކަން ޑެޕިއުޓީ ޕްރިންސިޕަލްގެ ފަރާތުން ލިބޭ,މަންހަޖު ތަންފީޒުކުރުމަށް ބޭނުންވާ ފަންނީ އެހީތެރިކަން ލިބުން,5.4.7.1,މަންހަޖު ތަންފީޒުކުރުމަށް ބޭނުންވާ ފަންނީ އެހީތެރިކަން ލިބުން,5.4.7,ފެންވަރު 5.4: އުނގެނުމާއި އުނގަންނައިދިނުމުގައި އިސްވެރިންގެ ދައުރު
745,3- މަންހަޖު ތަންފީޒުކުރުމަށް ބޭނުންވާ ފަންނީ އެހީތެރިކަން ލީޑިންގ ޓީޗަރުގެ ފަރާތުން ލިބޭ,މަންހަޖު ތަންފީޒުކުރުމަށް ބޭނުންވާ ފަންނީ އެހީތެރިކަން ލިބުން,5.4.7.1,މަންހަޖު ތަންފީޒުކުރުމަށް ބޭނުންވާ ފަންނީ އެހީތެރިކަން ލިބުން,5.4.7,ފެންވަރު 5.4: އުނގެނުމާއި އުނގަންނައިދިނުމުގައި އިސްވެރިންގެ ދައުރު
598,1- ދަރިވަރުންގެ ނިސްބަތުން އެކަޑަމިކް ސްޓާފުން ހަމަޔަށް ތިބޭ,ސްކޫލަށް ބޭނުންވާ މިންވަރަށް މުވައްޒަފުން ހޯދުން,5.5.1.1,ދަރިވަރުންގެ ނިސްބަތުން މުވައްޒަފުން ހަމަޖައްސައިފައި ވުން ,5.5.1,ފެންވަރު 5.5: އިދާރީ އިންތިޒާމުތަައް ހަމަޖެއްސުން
599,2- އިދާރީ މުވައްޒަފުންނާއި ސަޕޯޓް ސްޓާފުން ތިބޭ,ސްކޫލަށް ބޭނުންވާ މިންވަރަށް މުވައްޒަފުން ހޯދުން,5.5.1.1,ދަރިވަރުންގެ ނިސްބަތުން މުވައްޒަފުން ހަމަޖައްސައިފައި ވުން ,5.5.1,ފެންވަރު 5.5: އިދާރީ އިންތިޒާމުތަައް ހަމަޖެއްސުން
600,3- ޓެކްނިކަލް މުވައްޒަފުން ތިބޭ,ސްކޫލަށް ބޭނުންވާ މިންވަރަށް މުވައްޒަފުން ހޯދުން,5.5.1.1,ދަރިވަރުންގެ ނިސްބަތުން މުވައްޒަފުން ހަމަޖައްސައިފައި ވުން ,5.5.1,ފެންވަރު 5.5: އިދާރީ އިންތިޒާމުތަައް ހަމަޖެއްސުން
601,1- މުވައްޒަފު ޚާއްޞަވެފައިވާ ދާއިރާއިން މުވައްޒަފާ މަސައްކަތް ހަވާލުކޮށްފައި ވޭ,ސްކޫލުގެ ތަރައްޤީއާއި ކުރިއެރުމަށް އެންމެ މަންފާވާނެ ގޮތަށް، މުވައްޒަފުންގެ ބޭނުން ހިފުން,5.5.1.2,ދަރިވަރުންގެ ނިސްބަތުން މުވައްޒަފުން ހަމަޖައްސައިފައި ވުން ,5.5.1,ފެންވަރު 5.5: އިދާރީ އިންތިޒާމުތަައް ހަމަޖެއްސުން
602,2- ސްކޫލަށް އެންމެ ބޭނުންޖެހިފައިވާ ގޮތަށް މުވައްޒަފުންގެ ބޭނުންކުރަމުންދޭ,ސްކޫލުގެ ތަރައްޤީއާއި ކުރިއެރުމަށް އެންމެ މަންފާވާނެ ގޮތަށް، މުވައްޒަފުންގެ ބޭނުން ހިފުން,5.5.1.2,ދަރިވަރުންގެ ނިސްބަތުން މުވައްޒަފުން ހަމަޖައްސައިފައި ވުން ,5.5.1,ފެންވަރު 5.5: އިދާރީ އިންތިޒާމުތަައް ހަމަޖެއްސުން
603,3- މަސައްކަތްތައް ހަމަހަމަކޮށް ހަވާލުކޮށްފައި ވޭ,ސްކޫލުގެ ތަރައްޤީއާއި ކުރިއެރުމަށް އެންމެ މަންފާވާނެ ގޮތަށް، މުވައްޒަފުންގެ ބޭނުން ހިފުން,5.5.1.2,ދަރިވަރުންގެ ނިސްބަތުން މުވައްޒަފުން ހަމަޖައްސައިފައި ވުން ,5.5.1,ފެންވަރު 5.5: އިދާރީ އިންތިޒާމުތަައް ހަމަޖެއްސުން
604,1- ސައިން އިން، ސައިން އައުޓް ރެކޯޑުތައް ދުވަހުން ދުވަހަށް ބަލަހައްޓާ,މުވައްޒަފުންގެ ހާޒިރީއާ ގުޅޭ ކަންކަން ބެލެހެއްޓުން  ,5.5.2.1,މުވައްޒަފުންނާ ގުޅޭ ލިޔެކިޔުންތައް އަދާހަމަކޮށް ބެލެހެއްޓުން,5.5.2,ފެންވަރު 5.5: އިދާރީ އިންތިޒާމުތަައް ހަމަޖެއްސުން
605,2- ޝޯޓްލީވް ރެކޯޑުތައް ދުވަހުން ދުވަހަށް ބަލަހައްޓާ,މުވައްޒަފުންގެ ހާޒިރީއާ ގުޅޭ ކަންކަން ބެލެހެއްޓުން  ,5.5.2.1,މުވައްޒަފުންނާ ގުޅޭ ލިޔެކިޔުންތައް އަދާހަމަކޮށް ބެލެހެއްޓުން,5.5.2,ފެންވަރު 5.5: އިދާރީ އިންތިޒާމުތަައް ހަމަޖެއްސުން
606,3- އިދާރީ މުވައްޒަފުންގެ ޗުއްޓީ ތާވަލު އަހަރު ފެށޭއިރު ހަދާ,މުވައްޒަފުންގެ ހާޒިރީއާ ގުޅޭ ކަންކަން ބެލެހެއްޓުން  ,5.5.2.1,މުވައްޒަފުންނާ ގުޅޭ ލިޔެކިޔުންތައް އަދާހަމަކޮށް ބެލެހެއްޓުން,5.5.2,ފެންވަރު 5.5: އިދާރީ އިންތިޒާމުތަައް ހަމަޖެއްސުން
607,1- ހުރިހައި މުވައްޒަފުންގެ ވަޒީފާ ބަޔާންތަކުގައި ސޮއިކުރުވާ އަދާހަމަކޮށްފައި ވޭ,މުވައްޒަފުންގެ ވަޒީފާ ބަޔާންތައް ބެލެހެއްޓުން ,5.5.2.2,މުވައްޒަފުންނާ ގުޅޭ ލިޔެކިޔުންތައް އަދާހަމަކޮށް ބެލެހެއްޓުން,5.5.2,ފެންވަރު 5.5: އިދާރީ އިންތިޒާމުތަައް ހަމަޖެއްސުން
608,2- މުވައްޒަފުންނާ ވަގުތީގޮތުން (3 މަހަށް ވުރެ ކުރު މުއްދަތަކަށް) ހަވާލުކުރެވޭ މަސްއޫލިއްޔަތުތައް ވަޒީފާ ބަޔާނާ އެއްހީރަސް ކުރޭ,މުވައްޒަފުންގެ ވަޒީފާ ބަޔާންތައް ބެލެހެއްޓުން ,5.5.2.2,މުވައްޒަފުންނާ ގުޅޭ ލިޔެކިޔުންތައް އަދާހަމަކޮށް ބެލެހެއްޓުން,5.5.2,ފެންވަރު 5.5: އިދާރީ އިންތިޒާމުތަައް ހަމަޖެއްސުން
609,3- މުވައްޒަފުންނާ ހަވާލުކޮށްފައިވާ މަސްއޫލިއްޔަތާއި ވަޒީފާ ބަޔާނާ ދިމާ ވޭ,މުވައްޒަފުންގެ ވަޒީފާ ބަޔާންތައް ބެލެހެއްޓުން ,5.5.2.2,މުވައްޒަފުންނާ ގުޅޭ ލިޔެކިޔުންތައް އަދާހަމަކޮށް ބެލެހެއްޓުން,5.5.2,ފެންވަރު 5.5: އިދާރީ އިންތިޒާމުތަައް ހަމަޖެއްސުން
610,1- އުސޫލާ އެއްގޮތަށް ޓާގެޓުތައް ކަނޑައަޅައިފައި ވޭ,މުވައްޒަފުންގެ އެޕްރައިޒަލް ފުރިހަމަކުރުން,5.5.2.3,މުވައްޒަފުންނާ ގުޅޭ ލިޔެކިޔުންތައް އަދާހަމަކޮށް ބެލެހެއްޓުން,5.5.2,ފެންވަރު 5.5: އިދާރީ އިންތިޒާމުތަައް ހަމަޖެއްސުން
611,2- ޓާގެޓު ޙާޞިލުވަމުންދާ މިންވަރު ރެކޯޑުކޮށް މަހުން މަހަށް އެޕްރައިޒްކުރޭ,މުވައްޒަފުންގެ އެޕްރައިޒަލް ފުރިހަމަކުރުން,5.5.2.3,މުވައްޒަފުންނާ ގުޅޭ ލިޔެކިޔުންތައް އަދާހަމަކޮށް ބެލެހެއްޓުން,5.5.2,ފެންވަރު 5.5: އިދާރީ އިންތިޒާމުތަައް ހަމަޖެއްސުން
612,3- ކޮންމެ އަހަރެއްގެ އެޕްރައިޒަލް ކަނޑައަޅައިފައިވާ މުއްދަތުގެ ތެރޭގައި ނިންމާ ރިޕޯޓުތައް ތައްޔާރުކުރޭ,މުވައްޒަފުންގެ އެޕްރައިޒަލް ފުރިހަމަކުރުން,5.5.2.3,މުވައްޒަފުންނާ ގުޅޭ ލިޔެކިޔުންތައް އަދާހަމަކޮށް ބެލެހެއްޓުން,5.5.2,ފެންވަރު 5.5: އިދާރީ އިންތިޒާމުތަައް ހަމަޖެއްސުން
613,1- މުވައްޒަފުންގެ ޕާރސަނަލް ފައިލްތައް ތައްޔާރުކޮށްފައި ވޭ,މުވައްޒަފުންގެ ޕާރސަނަލް ފައިލްތައް އަދާހަމަކުރުން,5.5.2.4,މުވައްޒަފުންނާ ގުޅޭ ލިޔެކިޔުންތައް އަދާހަމަކޮށް ބެލެހެއްޓުން,5.5.2,ފެންވަރު 5.5: އިދާރީ އިންތިޒާމުތަައް ހަމަޖެއްސުން
614,2- ޕާރސަނަލް ފައިލްތައް އަދާހަމަކުރޭ,މުވައްޒަފުންގެ ޕާރސަނަލް ފައިލްތައް އަދާހަމަކުރުން,5.5.2.4,މުވައްޒަފުންނާ ގުޅޭ ލިޔެކިޔުންތައް އަދާހަމަކޮށް ބެލެހެއްޓުން,5.5.2,ފެންވަރު 5.5: އިދާރީ އިންތިޒާމުތަައް ހަމަޖެއްސުން
615,3- ޕާރސަނަލް ފައިލްތަކުގައިވާ ލިޔެކިޔުންތައް ތަރުތީބުކޮށްފައި ވޭ ,މުވައްޒަފުންގެ ޕާރސަނަލް ފައިލްތައް އަދާހަމަކުރުން,5.5.2.4,މުވައްޒަފުންނާ ގުޅޭ ލިޔެކިޔުންތައް އަދާހަމަކޮށް ބެލެހެއްޓުން,5.5.2,ފެންވަރު 5.5: އިދާރީ އިންތިޒާމުތަައް ހަމަޖެއްސުން
616,1- އަލަށް ގުޅޭ މުވައްޒަފުންނަށް އޮރިއެންޓޭޝަން ޕްރޮގްރާމް ހިންގާ,ސިވިލް ސަރވިސް ޤަވާޢިދާއި މިނިސްޓްރީއާއި ސްކޫލުގެ ޤަވާޢިދުތަކަށް މުވައްޒަފުން އަހުލުވެރިކުރުވުން,5.5.3.1, އަލަށްގުޅޭ މުވައްޒަފުން ޤަވާޢިދުތަކަށް އަހުލުވެރިކުރުވުން,5.5.3,ފެންވަރު 5.5: އިދާރީ އިންތިޒާމުތަައް ހަމަޖެއްސުން
617,2- އަލަށް ގުޅޭ މުވައްޒަފުންނަށް ސިވިލް ސަރވިސްގެ ޤަވާޢިދުތަކަށް އަހުލުވެރިކުރުމުގެ ގޮތުން އިންޑަކްޝަން ޕްރޮގްރާމު ހިންގާ,ސިވިލް ސަރވިސް ޤަވާޢިދާއި މިނިސްޓްރީއާއި ސްކޫލުގެ ޤަވާޢިދުތަކަށް މުވައްޒަފުން އަހުލުވެރިކުރުވުން,5.5.3.1, އަލަށްގުޅޭ މުވައްޒަފުން ޤަވާޢިދުތަކަށް އަހުލުވެރިކުރުވުން,5.5.3,ފެންވަރު 5.5: އިދާރީ އިންތިޒާމުތަައް ހަމަޖެއްސުން
618,3-  އަލަށް ގުޅޭ މުވައްޒަފުންނަށް ހިންގާ ޕްރޮގްރާމުތަކާ ގުޅޭ ލިޔެކިޔުންތައް ބަލަހައްޓާ,ސިވިލް ސަރވިސް ޤަވާޢިދާއި މިނިސްޓްރީއާއި ސްކޫލުގެ ޤަވާޢިދުތަކަށް މުވައްޒަފުން އަހުލުވެރިކުރުވުން,5.5.3.1, އަލަށްގުޅޭ މުވައްޒަފުން ޤަވާޢިދުތަކަށް އަހުލުވެރިކުރުވުން,5.5.3,ފެންވަރު 5.5: އިދާރީ އިންތިޒާމުތަައް ހަމަޖެއްސުން
591,1- މުވައްޒަފުންގެ މަސައްކަތްތައް ބަލައި ފަންނީ ލަފަޔާއި އިރުޝާދު ދޭ,މުވައްޒަފުން ޒިންމާދާރުކުރުވުން,5.5.4.1,މުވައްޒަފުން ޒިންމާދާރުކުރުވުން,5.5.4,ފެންވަރު 5.5: އިދާރީ އިންތިޒާމުތަައް ހަމަޖެއްސުން
913,2- މުވައްޒަފުންނާ ހަވާލުކޮށްފައިވާ ޒިންމާތަކާއި މަސްއޫލިއްޔަތުތަކަށް ޕްރިންސިޕަލް އެ މުވައްޒަފުން ޖަވާބުދާރީކުރުވާ,މުވައްޒަފުން ޒިންމާދާރުކުރުވުން,5.5.4.2,މުވައްޒަފުން ޒިންމާދާރުކުރުވުން,5.5.4,ފެންވަރު 5.5: އިދާރީ އިންތިޒާމުތަައް ހަމަޖެއްސުން
592,3- މުވައްޒަފުންނާ ހަވާލުކޮށްފައިވާ ޒިންމާތަކާއި މަސްއޫލިއްޔަތުތަކަށް ޑެޕިއުޓީ ޕްރިންސިޕަލް އެ މުވައްޒަފުން ޖަވާބުދާރީކުރުވާ,މުވައްޒަފުން ޒިންމާދާރުކުރުވުން,5.5.4.2,މުވައްޒަފުން ޒިންމާދާރުކުރުވުން,5.5.4,ފެންވަރު 5.5: އިދާރީ އިންތިޒާމުތަައް ހަމަޖެއްސުން
593,4- މުވައްޒަފުންނާ ހަވާލުކޮށްފައިވާ ޒިންމާތަކާއި މަސްއޫލިއްޔަތުތަކަށް އެޑްމިނިސްޓްރޭޓަރ އެ މުވައްޒަފުން ޖަވާބުދާރީކުރުވާ,މުވައްޒަފުން ޒިންމާދާރުކުރުވުން,5.5.4.2,މުވައްޒަފުން ޒިންމާދާރުކުރުވުން,5.5.4,ފެންވަރު 5.5: އިދާރީ އިންތިޒާމުތަައް ހަމަޖެއްސުން
910,5- މުވައްޒަފުންނާ ހަވާލުކޮށްފައިވާ ޒިންމާތަކާއި މަސްއޫލިއްޔަތުތަކަށް ލީޑިންގ ޓީޗަރު އެ މުވައްޒަފުން ޖަވާބުދާރީކުރުވާ,މުވައްޒަފުން ޒިންމާދާރުކުރުވުން,5.5.4.2,މުވައްޒަފުން ޒިންމާދާރުކުރުވުން,5.5.4,ފެންވަރު 5.5: އިދާރީ އިންތިޒާމުތަައް ހަމަޖެއްސުން
911,6- ޕްރިންސިޕަލުގެ ބެލުމުގެ ދަށުގައިވާ މުވައްޒަފުންގެ ތެރެއިން ވަކި މުވައްޒަފަކަށް ބުރަނުވާނެހެން މަސައްކަތް ބަހައިފައި ވޭ,މުވައްޒަފުން ޒިންމާދާރުކުރުވުން,5.5.4.2,މުވައްޒަފުން ޒިންމާދާރުކުރުވުން,5.5.4,ފެންވަރު 5.5: އިދާރީ އިންތިޒާމުތަައް ހަމަޖެއްސުން
912,7-  އެޑްމިނިސްޓްރޭޓަރުގެ ބެލުމުގެ ދަށުގައިވާ  މުވައްޒަފުންގެ ތެރެއިން ވަކި މުވައްޒަފަކަށް ބުރަނުވާނެހެން މަސައްކަތް ބަހައިފައި ވޭ,މުވައްޒަފުން ޒިންމާދާރުކުރުވުން,5.5.4.2,މުވައްޒަފުން ޒިންމާދާރުކުރުވުން,5.5.4,ފެންވަރު 5.5: އިދާރީ އިންތިޒާމުތަައް ހަމަޖެއްސުން
619,1-ލީޑިން ޓީޗަރުން މަސައްކަތްކުރުމަށް އެކަށީގެންވާ ތަނެއް ހަމަޖައްސައިފައި ވޭ,އެކަޑަމިކް އަދި ޓެކްނިކަލް މުވައްޒަފުންނަށް މަސައްކަތްކުރުމަށް އެކަށީގެންވާ ތަނެއް ހަމަޖެއްސުން,5.5.5.1,މުވައްޒަފުންނަށް މަސައްކަތްކުރުމަށް އެކަށީގެންވާ ތަނެއް ހަމަޖައްސައިދިނުން ,5.5.5,ފެންވަރު 5.5: އިދާރީ އިންތިޒާމުތަައް ހަމަޖެއްސުން
620,2- މުދައްރިސުން މަސައްކަތްކުރުމަށް އެކަށީގެންވާ ތަނެއް ހަމަޖައްސައިފައި ވޭ,އެކަޑަމިކް އަދި ޓެކްނިކަލް މުވައްޒަފުންނަށް މަސައްކަތްކުރުމަށް އެކަށީގެންވާ ތަނެއް ހަމަޖެއްސުން,5.5.5.1,މުވައްޒަފުންނަށް މަސައްކަތްކުރުމަށް އެކަށީގެންވާ ތަނެއް ހަމަޖައްސައިދިނުން ,5.5.5,ފެންވަރު 5.5: އިދާރީ އިންތިޒާމުތަައް ހަމަޖެއްސުން
621,3- ޓެކްނިކަލް މުވައްޒަފުން މަސައްކަތްކުރުމަށް އެކަށީގެންވާ ތަނެއް ހަމަޖައްސައިފައި ވޭ,އެކަޑަމިކް އަދި ޓެކްނިކަލް މުވައްޒަފުންނަށް މަސައްކަތްކުރުމަށް އެކަށީގެންވާ ތަނެއް ހަމަޖެއްސުން,5.5.5.1,މުވައްޒަފުންނަށް މަސައްކަތްކުރުމަށް އެކަށީގެންވާ ތަނެއް ހަމަޖައްސައިދިނުން ,5.5.5,ފެންވަރު 5.5: އިދާރީ އިންތިޒާމުތަައް ހަމަޖެއްސުން
622,1- ޕްރިންސިޕަލް މަސައްކަތްކުރުމަށް އެކަށީގެންވާ ތަނެއް ހަމަޖައްސައިފައި ވޭ,އިދާރީ މުވައްޒަފުންނަށް މަސައްކަތްކުރުމަށް އެކަށީގެންވާ ތަނެއް ހަމަޖެއްސުން,5.5.5.2,މުވައްޒަފުންނަށް މަސައްކަތްކުރުމަށް އެކަށީގެންވާ ތަނެއް ހަމަޖައްސައިދިނުން ,5.5.5,ފެންވަރު 5.5: އިދާރީ އިންތިޒާމުތަައް ހަމަޖެއްސުން
623,2- ޑެޕިއުޓީ ޕްރިންސިޕަލުން މަސައްކަތްކުރުމަށް އެކަށީގެންވާ ތަނެއް ހަމަޖައްސައިފައި ވޭ,އިދާރީ މުވައްޒަފުންނަށް މަސައްކަތްކުރުމަށް އެކަށީގެންވާ ތަނެއް ހަމަޖެއްސުން,5.5.5.2,މުވައްޒަފުންނަށް މަސައްކަތްކުރުމަށް އެކަށީގެންވާ ތަނެއް ހަމަޖައްސައިދިނުން ,5.5.5,ފެންވަރު 5.5: އިދާރީ އިންތިޒާމުތަައް ހަމަޖެއްސުން
624,3- އެޑްމިނަސްޓްރޭޓަރ މަސައްކަތްކުރުމަށް އެކަށީގެންވާ ތަނެއް ހަމަޖައްސައިފައި ވޭ,އިދާރީ މުވައްޒަފުންނަށް މަސައްކަތްކުރުމަށް އެކަށީގެންވާ ތަނެއް ހަމަޖެއްސުން,5.5.5.2,މުވައްޒަފުންނަށް މަސައްކަތްކުރުމަށް އެކަށީގެންވާ ތަނެއް ހަމަޖައްސައިދިނުން ,5.5.5,ފެންވަރު 5.5: އިދާރީ އިންތިޒާމުތަައް ހަމަޖެއްސުން
625,4- އިދާރީ މުވައްޒަފުން މަސައްކަތްކުރުމަށް އެކަށީގެންވާ ތަނެއް ހަމަޖައްސައިފައި ވޭ,އިދާރީ މުވައްޒަފުންނަށް މަސައްކަތްކުރުމަށް އެކަށީގެންވާ ތަނެއް ހަމަޖެއްސުން,5.5.5.2,މުވައްޒަފުންނަށް މަސައްކަތްކުރުމަށް އެކަށީގެންވާ ތަނެއް ހަމަޖައްސައިދިނުން ,5.5.5,ފެންވަރު 5.5: އިދާރީ އިންތިޒާމުތަައް ހަމަޖެއްސުން
626,5- ސަޕޯޓް ސްޓާފުން ބޭނުންކުރުމަށް ތަނެއް ހަމަޖައްސައިފައި ވޭ,އިދާރީ މުވައްޒަފުންނަށް މަސައްކަތްކުރުމަށް އެކަށީގެންވާ ތަނެއް ހަމަޖެއްސުން,5.5.5.2,މުވައްޒަފުންނަށް މަސައްކަތްކުރުމަށް އެކަށީގެންވާ ތަނެއް ހަމަޖައްސައިދިނުން ,5.5.5,ފެންވަރު 5.5: އިދާރީ އިންތިޒާމުތަައް ހަމަޖެއްސުން
594,1- ވަސީލަތްތައް ހުރީ ބޭނުންކުރެވޭ ފަދަ ހާލަތެއްގައިކަން ކަށަވަރުކުރޭ,މަރާމާތުކުރުމާއި ތަކެތި ބެލެހެއްޓުން ,5.5.5.3,މުވައްޒަފުންނަށް މަސައްކަތްކުރުމަށް އެކަށީގެންވާ ތަނެއް ހަމަޖައްސައިދިނުން ,5.5.5,ފެންވަރު 5.5: އިދާރީ އިންތިޒާމުތަައް ހަމަޖެއްސުން
595,2- މަރާމާތުކުރަންޖެހޭ ތަކެތި މަރާމާތުކުރޭ,މަރާމާތުކުރުމާއި ތަކެތި ބެލެހެއްޓުން ,5.5.5.3,މުވައްޒަފުންނަށް މަސައްކަތްކުރުމަށް އެކަށީގެންވާ ތަނެއް ހަމަޖައްސައިދިނުން ,5.5.5,ފެންވަރު 5.5: އިދާރީ އިންތިޒާމުތަައް ހަމަޖެއްސުން
596,3- ހަރުމުދާ ރައްކައުތެރިކަމާއެކު ބެލެހެއްޓޭނެ އިންތިޒާމު ހަމަޖައްސައިފައި ވޭ,މަރާމާތުކުރުމާއި ތަކެތި ބެލެހެއްޓުން ,5.5.5.3,މުވައްޒަފުންނަށް މަސައްކަތްކުރުމަށް އެކަށީގެންވާ ތަނެއް ހަމަޖައްސައިދިނުން ,5.5.5,ފެންވަރު 5.5: އިދާރީ އިންތިޒާމުތަައް ހަމަޖެއްސުން
628,"1- ސްކޫލުގައި ދަރިވަރުންނަށާއި މުވައްޒަފުންނަށް ނަމާދުކުރެވޭނެ އިންތިޒާމު ހަމަޖައްސައިފައި ވޭ


",ދީނީ ކަންކަން ކުރުމަށް ދަރިވަރުންނާއި މުވައްޒަފުންނަށް ބާރުއެޅުން,5.6.1.1,އިސްލާމީ ރިވެތި ސިފަތަކާއި އާދަތައް ދަސްކޮށްދިނުމަށް މަސައްކަތްކުރުން,5.6.1,ފެންވަރު 5.6: ޢަޤީދާ ހަރުދަނާކޮށް، ޤައުމިއްޔަތު ދިރުވައި، އިސްލާމީ ރިވެތި ސިފަތަކާއި އާދަތައް ހަރުލެއްވުން
629,"2- ދަރިވަރުންނަށް ނަމާދުގައި ކިޔާ ދުޢާތައް ދަސްކޮށްދިނުމަށާއި ނަމާދުގެ ހަރަކާތްތައް ދަސްކޮށްދިނުމަށް ޙަރަކާތްތައް ރާވައިގެން ހިންގާ


",ދީނީ ކަންކަން ކުރުމަށް ދަރިވަރުންނާއި މުވައްޒަފުންނަށް ބާރުއެޅުން,5.6.1.1,އިސްލާމީ ރިވެތި ސިފަތަކާއި އާދަތައް ދަސްކޮށްދިނުމަށް މަސައްކަތްކުރުން,5.6.1,ފެންވަރު 5.6: ޢަޤީދާ ހަރުދަނާކޮށް، ޤައުމިއްޔަތު ދިރުވައި، އިސްލާމީ ރިވެތި ސިފަތަކާއި އާދަތައް ހަރުލެއްވުން
630,"3- ސްކޫލުގެ ހުރިހައި ދަރިވަރުންނަށް ހުޅުވައިލައިގެން ޤުރުއާން މުބާރާތް ބާއްވާ

",ދީނީ ކަންކަން ކުރުމަށް ދަރިވަރުންނާއި މުވައްޒަފުންނަށް ބާރުއެޅުން,5.6.1.1,އިސްލާމީ ރިވެތި ސިފަތަކާއި އާދަތައް ދަސްކޮށްދިނުމަށް މަސައްކަތްކުރުން,5.6.1,ފެންވަރު 5.6: ޢަޤީދާ ހަރުދަނާކޮށް، ޤައުމިއްޔަތު ދިރުވައި، އިސްލާމީ ރިވެތި ސިފަތަކާއި އާދަތައް ހަރުލެއްވުން
631,"4- ދީނީ ގޮތުން ފާހަގަކުރަންޖެހޭ ދުވަސްތައް ފާހަގަކުރޭ

",ދީނީ ކަންކަން ކުރުމަށް ދަރިވަރުންނާއި މުވައްޒަފުންނަށް ބާރުއެޅުން,5.6.1.1,އިސްލާމީ ރިވެތި ސިފަތަކާއި އާދަތައް ދަސްކޮށްދިނުމަށް މަސައްކަތްކުރުން,5.6.1,ފެންވަރު 5.6: ޢަޤީދާ ހަރުދަނާކޮށް، ޤައުމިއްޔަތު ދިރުވައި، އިސްލާމީ ރިވެތި ސިފަތަކާއި އާދަތައް ހަރުލެއްވުން
632,"5- ދަރިވަރުންގެ ކިބައިގައި ރިވެތި ސިފަތަކާއި އާދަތައް ހަރުލެއްވުމަށް ޙަރަކާތްތައް ރާވައިގެން ހިންގާ

",ދީނީ ކަންކަން ކުރުމަށް ދަރިވަރުންނާއި މުވައްޒަފުންނަށް ބާރުއެޅުން,5.6.1.1,އިސްލާމީ ރިވެތި ސިފަތަކާއި އާދަތައް ދަސްކޮށްދިނުމަށް މަސައްކަތްކުރުން,5.6.1,ފެންވަރު 5.6: ޢަޤީދާ ހަރުދަނާކޮށް، ޤައުމިއްޔަތު ދިރުވައި، އިސްލާމީ ރިވެތި ސިފަތަކާއި އާދަތައް ހަރުލެއްވުން
633,1- އަދަބު އިޙްތިރާމާއެކުގައި މުވައްޒަފުން ދަރިވަރުންނާ މުޢާމަލާތުކުރޭ,ދަރިވަރުންގެ ކިބައިގައި ރިވެތި ސިފަތައް އަށަގެންނެވުމަށް ބާރުއެޅުން,5.6.1.2,އިސްލާމީ ރިވެތި ސިފަތަކާއި އާދަތައް ދަސްކޮށްދިނުމަށް މަސައްކަތްކުރުން,5.6.1,ފެންވަރު 5.6: ޢަޤީދާ ހަރުދަނާކޮށް، ޤައުމިއްޔަތު ދިރުވައި، އިސްލާމީ ރިވެތި ސިފަތަކާއި އާދަތައް ހަރުލެއްވުން
634,2- ކިޔަމަންތެރިކަމާއި އަދަބުވެރިކަމުގެ ރީތި ސިފަ ދަރިވަރުންގެ ކިބައިގައި އަށަގެންނެވުމަށް މަސައްކަތްކުރޭ,ދަރިވަރުންގެ ކިބައިގައި ރިވެތި ސިފަތައް އަށަގެންނެވުމަށް ބާރުއެޅުން,5.6.1.2,އިސްލާމީ ރިވެތި ސިފަތަކާއި އާދަތައް ދަސްކޮށްދިނުމަށް މަސައްކަތްކުރުން,5.6.1,ފެންވަރު 5.6: ޢަޤީދާ ހަރުދަނާކޮށް، ޤައުމިއްޔަތު ދިރުވައި، އިސްލާމީ ރިވެތި ސިފަތަކާއި އާދަތައް ހަރުލެއްވުން
635, 3- އަދަބު އިޙްތިރާމުކުރުމުގެ ސިފަ ދަރިވަރުންގެ ކިބައިގައި އަށަގެންނެވުމަށް މަސައްކަތްކުރޭ,ދަރިވަރުންގެ ކިބައިގައި ރިވެތި ސިފަތައް އަށަގެންނެވުމަށް ބާރުއެޅުން,5.6.1.2,އިސްލާމީ ރިވެތި ސިފަތަކާއި އާދަތައް ދަސްކޮށްދިނުމަށް މަސައްކަތްކުރުން,5.6.1,ފެންވަރު 5.6: ޢަޤީދާ ހަރުދަނާކޮށް، ޤައުމިއްޔަތު ދިރުވައި، އިސްލާމީ ރިވެތި ސިފަތަކާއި އާދަތައް ހަރުލެއްވުން
637,"1- ޤައުމީ ގޮތުން ފާހަގަކުރަންޖެހޭ ދުވަސްތައް ސްކޫލުގެ އެކްޓިވިޓީ ކަލަންޑަރުގައި ހިމަނައި، ފާހަގަކުރޭ
",ޤައުމީ ގޮތުން ފާހަގަކުރަންޖެހޭ ދުވަސްތައް ފާހަގަކުރުން,5.6.2.1,ޤައުމިއްޔަތު ދިރުވައި އާލާކުުރުމަށް މަސައްކަތްކުރުން,5.6.2,ފެންވަރު 5.6: ޢަޤީދާ ހަރުދަނާކޮށް، ޤައުމިއްޔަތު ދިރުވައި، އިސްލާމީ ރިވެތި ސިފަތަކާއި އާދަތައް ހަރުލެއްވުން
638,2- ޤައުމީ ގޮތުން ފާހަގަކުރަންޖެހޭ  ދުވަސްތަކާ ގުޅިގެން ހިންގާ ތަފާތު ޙަރަކާތްތަކުން މައިގަނޑު ޤާބިލިއްޔަތުތައް ތަރައްގީކުރެވޭ ގޮތަށް ކުރިއަށް ގެންދޭ,ޤައުމީ ގޮތުން ފާހަގަކުރަންޖެހޭ ދުވަސްތައް ފާހަގަކުރުން,5.6.2.1,ޤައުމިއްޔަތު ދިރުވައި އާލާކުުރުމަށް މަސައްކަތްކުރުން,5.6.2,ފެންވަރު 5.6: ޢަޤީދާ ހަރުދަނާކޮށް، ޤައުމިއްޔަތު ދިރުވައި، އިސްލާމީ ރިވެތި ސިފަތަކާއި އާދަތައް ހަރުލެއްވުން
639,3 - ޤައުމީ ގޮތުން ފާހަގަކުރަންޖެހޭ ދުވަސްތަކާ ގުޅިގެން ހިންގާ ތަފާތު ޙަރަކާތްތަކުން، ހިއްސާކުރާ އަގުތައް ތަރައްގީކުރެވޭ ގޮތަށް، ކުރިއަށް ގެންދޭ,ޤައުމީ ގޮތުން ފާހަގަކުރަންޖެހޭ ދުވަސްތައް ފާހަގަކުރުން,5.6.2.1,ޤައުމިއްޔަތު ދިރުވައި އާލާކުުރުމަށް މަސައްކަތްކުރުން,5.6.2,ފެންވަރު 5.6: ޢަޤީދާ ހަރުދަނާކޮށް، ޤައުމިއްޔަތު ދިރުވައި، އިސްލާމީ ރިވެތި ސިފަތަކާއި އާދަތައް ހަރުލެއްވުން
641,1- ސްކޫލް ބޭސްޑް ބިހޭވިއަރ މެނޭޖުމަންޓް ޕޮލިސީއެއް އޮވޭ,ދަރިވަރުންގެ ކިބައިން ފެންނަ ނޭދެވޭ ޢަމަލުތައް ހުއްޓުވުމަށް މަސައްކަތްކުރުން,5.7.1.1, އަމާން މާހައުލެއް ގާއިމުކުރުން,5.7.1,ފެންވަރު 5.7: އިންސާނީ ޙައްޤުތައް ރައްކައުތެރިކުރުން
642,2- ބިހޭވިއަރ މެނޭޖުމަންޓް ޕޮލިސީއަށް މުވައްޒަފުން އަހުލުވެރިކުރުވާ,ދަރިވަރުންގެ ކިބައިން ފެންނަ ނޭދެވޭ ޢަމަލުތައް ހުއްޓުވުމަށް މަސައްކަތްކުރުން,5.7.1.1, އަމާން މާހައުލެއް ގާއިމުކުރުން,5.7.1,ފެންވަރު 5.7: އިންސާނީ ޙައްޤުތައް ރައްކައުތެރިކުރުން
643,3- ބިހޭވިއަރ މެނޭޖުމަންޓް ޕޮލިސީއަށް ދަރިވަރުން އަހުލުވެރިކުރުވާ,ދަރިވަރުންގެ ކިބައިން ފެންނަ ނޭދެވޭ ޢަމަލުތައް ހުއްޓުވުމަށް މަސައްކަތްކުރުން,5.7.1.1, އަމާން މާހައުލެއް ގާއިމުކުރުން,5.7.1,ފެންވަރު 5.7: އިންސާނީ ޙައްޤުތައް ރައްކައުތެރިކުރުން
644,4- ބިހޭވިއަރ މެނޭޖުމަންޓް ޕޮލިސީއަށް ބެލެނިވެރިން އަހުލުވެރިކުރުވާ,ދަރިވަރުންގެ ކިބައިން ފެންނަ ނޭދެވޭ ޢަމަލުތައް ހުއްޓުވުމަށް މަސައްކަތްކުރުން,5.7.1.1, އަމާން މާހައުލެއް ގާއިމުކުރުން,5.7.1,ފެންވަރު 5.7: އިންސާނީ ޙައްޤުތައް ރައްކައުތެރިކުރުން
645,5- ބިހޭވިއަރ މެނޭޖުމަންޓް ޕޮލިސީއާ އެއްގޮތަށް ފިޔަވަޅުތައް އަޅާ,ދަރިވަރުންގެ ކިބައިން ފެންނަ ނޭދެވޭ ޢަމަލުތައް ހުއްޓުވުމަށް މަސައްކަތްކުރުން,5.7.1.1, އަމާން މާހައުލެއް ގާއިމުކުރުން,5.7.1,ފެންވަރު 5.7: އިންސާނީ ޙައްޤުތައް ރައްކައުތެރިކުރުން
646,1- ސްކޫލުގައި އިންސާނީ ޙައްޤުތަކާއި ކުޑަކުދިންގެ ޙައްޤުތައް ރައްކާތެރިކުރުމާ ގުޅޭ ޕޮލިސީ/އެސް.އޯ.ޕީތައް ހުރޭ,ސްކޫލް މާހައުލަކީ، އިންސާނީ ޙައްޤުތަކަށާއި ކުޑަކުދިންގެ ޙައްޤުތަކަށް ފުރިހަމައަށް އިޙްތިރާމުކުރާ، ރައްކާތެރި މާހައުލަކަށް ހެދުމަށް މަސައްކަތްކުރުން,5.7.1.2, އަމާން މާހައުލެއް ގާއިމުކުރުން,5.7.1,ފެންވަރު 5.7: އިންސާނީ ޙައްޤުތައް ރައްކައުތެރިކުރުން
647,2- ޕޮލިސީ/އެސް.އޯ.ޕީތަކަށް މުދައްރިސުން އަހުލުވެރިކުރުވާ,ސްކޫލް މާހައުލަކީ، އިންސާނީ ޙައްޤުތަކަށާއި ކުޑަކުދިންގެ ޙައްޤުތަކަށް ފުރިހަމައަށް އިޙްތިރާމުކުރާ، ރައްކާތެރި މާހައުލަކަށް ހެދުމަށް މަސައްކަތްކުރުން,5.7.1.2, އަމާން މާހައުލެއް ގާއިމުކުރުން,5.7.1,ފެންވަރު 5.7: އިންސާނީ ޙައްޤުތައް ރައްކައުތެރިކުރުން
648,3- ޕޮލިސީ/އެސް.އޯ.ޕީތަކަށް ދަރިވަރުން އަހުލުވެރިކުރުވާ,ސްކޫލް މާހައުލަކީ، އިންސާނީ ޙައްޤުތަކަށާއި ކުޑަކުދިންގެ ޙައްޤުތަކަށް ފުރިހަމައަށް އިޙްތިރާމުކުރާ، ރައްކާތެރި މާހައުލަކަށް ހެދުމަށް މަސައްކަތްކުރުން,5.7.1.2, އަމާން މާހައުލެއް ގާއިމުކުރުން,5.7.1,ފެންވަރު 5.7: އިންސާނީ ޙައްޤުތައް ރައްކައުތެރިކުރުން
649,4- ޕޮލިސީ/އެސް.އޯ.ޕީތަކަށް ބެލެނިވެރިން އަހުލުވެރިކުރުވާ,ސްކޫލް މާހައުލަކީ، އިންސާނީ ޙައްޤުތަކަށާއި ކުޑަކުދިންގެ ޙައްޤުތަކަށް ފުރިހަމައަށް އިޙްތިރާމުކުރާ، ރައްކާތެރި މާހައުލަކަށް ހެދުމަށް މަސައްކަތްކުރުން,5.7.1.2, އަމާން މާހައުލެއް ގާއިމުކުރުން,5.7.1,ފެންވަރު 5.7: އިންސާނީ ޙައްޤުތައް ރައްކައުތެރިކުރުން
650,5- ސްކޫލުގައި އިންސާނީ ޙައްޤުތަކާއި ކުޑަކުދިންގެ ޙައްޤުތައް ރައްކާތެރިކުރުމާ ގުޅޭ ހަރަކާތްތައް ރާވާ ހިންގާ,ސްކޫލް މާހައުލަކީ، އިންސާނީ ޙައްޤުތަކަށާއި ކުޑަކުދިންގެ ޙައްޤުތަކަށް ފުރިހަމައަށް އިޙްތިރާމުކުރާ، ރައްކާތެރި މާހައުލަކަށް ހެދުމަށް މަސައްކަތްކުރުން,5.7.1.2, އަމާން މާހައުލެއް ގާއިމުކުރުން,5.7.1,ފެންވަރު 5.7: އިންސާނީ ޙައްޤުތައް ރައްކައުތެރިކުރުން
651,1- ގުޅުން ބަދަހިވާ ފަދަ ހަރަކާތްތައް ދަރިވަރުންނަށް ހިންގާ,ސްކޫލް މާހައުލަކީ ޞުލްޙަ މަސަލަސްކަމާއި އެކުވެރިކަމަށް ބާރުއަޅާ ތަނަކަށް ހެދުމަށް ސްކޫލުން މަސައްކަތްކުރުން,5.7.1.3, އަމާން މާހައުލެއް ގާއިމުކުރުން,5.7.1,ފެންވަރު 5.7: އިންސާނީ ޙައްޤުތައް ރައްކައުތެރިކުރުން
652,2- ގުޅުން ބަދަހިވާ ފަދަ ހަރަކާތްތައް މުވައްޒަފުންނަށް ހިންގާ,ސްކޫލް މާހައުލަކީ ޞުލްޙަ މަސަލަސްކަމާއި އެކުވެރިކަމަށް ބާރުއަޅާ ތަނަކަށް ހެދުމަށް ސްކޫލުން މަސައްކަތްކުރުން,5.7.1.3, އަމާން މާހައުލެއް ގާއިމުކުރުން,5.7.1,ފެންވަރު 5.7: އިންސާނީ ޙައްޤުތައް ރައްކައުތެރިކުރުން
653,3- ގުޅުން ބަދަހިވާ ފަދަ ހަރަކާތްތައް ބެލެނިވެރިންނަށް ހިންގާ,ސްކޫލް މާހައުލަކީ ޞުލްޙަ މަސަލަސްކަމާއި އެކުވެރިކަމަށް ބާރުއަޅާ ތަނަކަށް ހެދުމަށް ސްކޫލުން މަސައްކަތްކުރުން,5.7.1.3, އަމާން މާހައުލެއް ގާއިމުކުރުން,5.7.1,ފެންވަރު 5.7: އިންސާނީ ޙައްޤުތައް ރައްކައުތެރިކުރުން
654,1- ސްކޫލް މާހައުލަކީ އޯގާތެރިކަމާ އެކު މުއާމަލާތްކުރާ ތަނަކަށް ހެދުމަށް އެސެމްބްލީގައި ބާރުއަޅާ,ދަރިވަރުން  ސްކޫލަށް ލޯބިޖެއްސުމަށާއި، ސްކޫލަކީ ދަރިވަރުން އަންނަހިތުން އަންނަ ތަނެއްކަމުގައި ހެދުމަށް މަސައްކަތްކުރުން,5.7.1.4, އަމާން މާހައުލެއް ގާއިމުކުރުން,5.7.1,ފެންވަރު 5.7: އިންސާނީ ޙައްޤުތައް ރައްކައުތެރިކުރުން
655,2- ދަރިވަރުން ޝައުޤުވެރިވާ ގޮތަށް ސްކޫލް މާހައުލު ފަރުމާކޮށްފައި ވޭ,ދަރިވަރުން  ސްކޫލަށް ލޯބިޖެއްސުމަށާއި، ސްކޫލަކީ ދަރިވަރުން އަންނަހިތުން އަންނަ ތަނެއްކަމުގައި ހެދުމަށް މަސައްކަތްކުރުން,5.7.1.4, އަމާން މާހައުލެއް ގާއިމުކުރުން,5.7.1,ފެންވަރު 5.7: އިންސާނީ ޙައްޤުތައް ރައްކައުތެރިކުރުން
656,3- ދަރިވަރުންގެ ކިބައިން ރިވެތި ސިފަތައް ފެނޭ,ދަރިވަރުން  ސްކޫލަށް ލޯބިޖެއްސުމަށާއި، ސްކޫލަކީ ދަރިވަރުން އަންނަހިތުން އަންނަ ތަނެއްކަމުގައި ހެދުމަށް މަސައްކަތްކުރުން,5.7.1.4, އަމާން މާހައުލެއް ގާއިމުކުރުން,5.7.1,ފެންވަރު 5.7: އިންސާނީ ޙައްޤުތައް ރައްކައުތެރިކުރުން
657,4- މުދައްރިސުންގެ ކިބައިން ރިވެތި ސިފަތައް ފެނޭ,ދަރިވަރުން  ސްކޫލަށް ލޯބިޖެއްސުމަށާއި، ސްކޫލަކީ ދަރިވަރުން އަންނަހިތުން އަންނަ ތަނެއްކަމުގައި ހެދުމަށް މަސައްކަތްކުރުން,5.7.1.4, އަމާން މާހައުލެއް ގާއިމުކުރުން,5.7.1,ފެންވަރު 5.7: އިންސާނީ ޙައްޤުތައް ރައްކައުތެރިކުރުން
920,5- އެހެނިހެން މުވައްޒަފުންގެ ކިބައިން ރިވެތި ސިފަތައް ފެނޭ,ދަރިވަރުން  ސްކޫލަށް ލޯބިޖެއްސުމަށާއި، ސްކޫލަކީ ދަރިވަރުން އަންނަހިތުން އަންނަ ތަނެއްކަމުގައި ހެދުމަށް މަސައްކަތްކުރުން,5.7.1.4, އަމާން މާހައުލެއް ގާއިމުކުރުން,5.7.1,ފެންވަރު 5.7: އިންސާނީ ޙައްޤުތައް ރައްކައުތެރިކުރުން
658,"1- ޞިއްޙީ ގޮތުން ފާހަގަކުރަންޖެހޭ ދުވަސްތައް ސްކޫލުގެ އެކްޓިވިޓީ ކަލަންޑަރުގައި ހިމަނައިފައިވޭ
",ޞިއްޙީ ގޮތުން ފާހަގަކުރަންޖެހޭ ދުވަސްތައް ފާހަގަކުރުން,5.8.1.1,ޞިއްޙީ ހޭލުންތެރިކަން އިތުރުކުރުމަށް މަސައްކަތްކުރުން,5.8.1,ފެންވަރު 5.8: ޞިއްޙަތާއި ކުޅިވަރު ހަރަކާތްތައް ކުރިއަށް ގެންދިއުން
659, 2- ޞިއްޙީ ގޮތުން ފާހަގަކުރަންޖެހޭ  ދުވަސްތަކާ ގުޅިގެން ހިންގާ ތަފާތު ޙަރަކާތްތަކުން މައިގަނޑު ޤާބިލިއްޔަތުތައް ތަރައްގީކުރެވޭ ގޮތަށް ކުރިއަށް ގެންދޭ,ޞިއްޙީ ގޮތުން ފާހަގަކުރަންޖެހޭ ދުވަސްތައް ފާހަގަކުރުން,5.8.1.1,ޞިއްޙީ ހޭލުންތެރިކަން އިތުރުކުރުމަށް މަސައްކަތްކުރުން,5.8.1,ފެންވަރު 5.8: ޞިއްޙަތާއި ކުޅިވަރު ހަރަކާތްތައް ކުރިއަށް ގެންދިއުން
660,3- ޞިއްޙީ ގޮތުން ފާހަގަކުރަންޖެހޭ  ދުވަސްތަކާ ގުޅިގެން ހިންގާ ތަފާތު ޙަރަކާތްތަކުން ހިއްސާކުރާ އަގުތައް ތަރައްގީކުރެވޭ ގޮތަށް ކުރިއަށް ގެންދޭ,ޞިއްޙީ ގޮތުން ފާހަގަކުރަންޖެހޭ ދުވަސްތައް ފާހަގަކުރުން,5.8.1.1,ޞިއްޙީ ހޭލުންތެރިކަން އިތުރުކުރުމަށް މަސައްކަތްކުރުން,5.8.1,ފެންވަރު 5.8: ޞިއްޙަތާއި ކުޅިވަރު ހަރަކާތްތައް ކުރިއަށް ގެންދިއުން
661,"1- ޔުނިފޯމު ހަރަކާތްތައް ހިންގުމުގެ މަސްއޫލިއްޔަތު ލިޔުމުން މުވައްޒަފަކާ ހަވާލުކޮށްފައި ވޭ
",އިންޓެލެކްޗުއަލް އެންޑް ސޯޝަލް އެކްޓިވިޓީސް (ޔުނިފޯމު ހަރަކާތްތައް) ހިންގުން,5.8.2.1,ކޯކަރިކިޔުލަރ ހަރަކާތްތައް ހިންގުން,5.8.2,ފެންވަރު 5.8: ޞިއްޙަތާއި ކުޅިވަރު ހަރަކާތްތައް ކުރިއަށް ގެންދިއުން
662,2- ޔުނިފޯމު ހަރަކާތްތައް ތާވަލާ އެއްގޮތަށް ކުރިއަށް ގެންގޮސް ލިޔެކިޔުންތައް ބަލަހައްޓާ,އިންޓެލެކްޗުއަލް އެންޑް ސޯޝަލް އެކްޓިވިޓީސް (ޔުނިފޯމު ހަރަކާތްތައް) ހިންގުން,5.8.2.1,ކޯކަރިކިޔުލަރ ހަރަކާތްތައް ހިންގުން,5.8.2,ފެންވަރު 5.8: ޞިއްޙަތާއި ކުޅިވަރު ހަރަކާތްތައް ކުރިއަށް ގެންދިއުން
663,3- ޔުނިފޯމު ހަރަކާތްތައް ހިންގުމާ ބެހޭ ތަމްރީނު މުވައްޒަފުންނަށް ފޯރުކޮށްދޭ,އިންޓެލެކްޗުއަލް އެންޑް ސޯޝަލް އެކްޓިވިޓީސް (ޔުނިފޯމު ހަރަކާތްތައް) ހިންގުން,5.8.2.1,ކޯކަރިކިޔުލަރ ހަރަކާތްތައް ހިންގުން,5.8.2,ފެންވަރު 5.8: ޞިއްޙަތާއި ކުޅިވަރު ހަރަކާތްތައް ކުރިއަށް ގެންދިއުން
664,1- ކްލަބް ޖަމްޢިއްޔާތަކުގެ ޙަރަކާތްތައް ހިންގުމުގެ މަސްއޫލިއްޔަތު ލިޔުމުން މުވައްޒަފަކާ ހަވާލުކޮށްފައި ވޭ ,ސިވިކް ވެލިއުސް އެކްޓިވިޓީސް (މަދަނީ ތަރުބިއްޔަތު- ކްލަބް ޖަމްޢިއްޔާތަކުގެ ޙަރަކާތްތައް ފަދަ) ހިންގުން,5.8.2.2,ކޯކަރިކިޔުލަރ ހަރަކާތްތައް ހިންގުން,5.8.2,ފެންވަރު 5.8: ޞިއްޙަތާއި ކުޅިވަރު ހަރަކާތްތައް ކުރިއަށް ގެންދިއުން
665, 2- ކްލަބް ޖަމްޢިއްޔާތަކުގެ ޙަރަކާތްތައް ތާވަލާ އެއްގޮތަށް ކުރިއަށް ގެންދޭ ,ސިވިކް ވެލިއުސް އެކްޓިވިޓީސް (މަދަނީ ތަރުބިއްޔަތު- ކްލަބް ޖަމްޢިއްޔާތަކުގެ ޙަރަކާތްތައް ފަދަ) ހިންގުން,5.8.2.2,ކޯކަރިކިޔުލަރ ހަރަކާތްތައް ހިންގުން,5.8.2,ފެންވަރު 5.8: ޞިއްޙަތާއި ކުޅިވަރު ހަރަކާތްތައް ކުރިއަށް ގެންދިއުން
666,3- ކްލަބް ޖަމްޢިއްޔާތަކުގެ ޙަރަކާތްތަކުގެ ލިޔެކިޔުންތައް ބަލަހައްޓާ,ސިވިކް ވެލިއުސް އެކްޓިވިޓީސް (މަދަނީ ތަރުބިއްޔަތު- ކްލަބް ޖަމްޢިއްޔާތަކުގެ ޙަރަކާތްތައް ފަދަ) ހިންގުން,5.8.2.2,ކޯކަރިކިޔުލަރ ހަރަކާތްތައް ހިންގުން,5.8.2,ފެންވަރު 5.8: ޞިއްޙަތާއި ކުޅިވަރު ހަރަކާތްތައް ކުރިއަށް ގެންދިއުން
667,1- ކުޅިވަރު ހަރަކާތްތައް ހިންގުމުގެ މަސްއޫލިއްޔަތު ލިޔުމުން މުވައްޒަފަކާ ހަވާލުކޮށްފައި ވޭ ,ކުޅިވަރު ހަރަކާތްތައް  ސްކޫލުގައި ހިންގުން,5.8.2.3,ކޯކަރިކިޔުލަރ ހަރަކާތްތައް ހިންގުން,5.8.2,ފެންވަރު 5.8: ޞިއްޙަތާއި ކުޅިވަރު ހަރަކާތްތައް ކުރިއަށް ގެންދިއުން
668,2-  ކުޅިވަރު ހަރަކާތް ހިންގުމަށް ބޭނުންވާ ވަރަށް، ބޭނުންކުރެވޭ ހާލަތުގައި ކުޅިވަރު ކުޅޭ ތަކެތި ހުރޭ,ކުޅިވަރު ހަރަކާތްތައް  ސްކޫލުގައި ހިންގުން,5.8.2.3,ކޯކަރިކިޔުލަރ ހަރަކާތްތައް ހިންގުން,5.8.2,ފެންވަރު 5.8: ޞިއްޙަތާއި ކުޅިވަރު ހަރަކާތްތައް ކުރިއަށް ގެންދިއުން
669,3- ކުޅިވަރު ކުޅޭ ތަކެތި ފަސޭހައިން ލިބޭނެ އިންތިޒާމު ހަމަޖައްސައިފައި ވޭ,ކުޅިވަރު ހަރަކާތްތައް  ސްކޫލުގައި ހިންގުން,5.8.2.3,ކޯކަރިކިޔުލަރ ހަރަކާތްތައް ހިންގުން,5.8.2,ފެންވަރު 5.8: ޞިއްޙަތާއި ކުޅިވަރު ހަރަކާތްތައް ކުރިއަށް ގެންދިއުން
670,4- ކުޅިވަރު ކުޅުމަށް ބޭނުންކުރާ ތަކެތީގެ ލިސްޓު އަދާހަމަކުރޭ,ކުޅިވަރު ހަރަކާތްތައް  ސްކޫލުގައި ހިންގުން,5.8.2.3,ކޯކަރިކިޔުލަރ ހަރަކާތްތައް ހިންގުން,5.8.2,ފެންވަރު 5.8: ޞިއްޙަތާއި ކުޅިވަރު ހަރަކާތްތައް ކުރިއަށް ގެންދިއުން
671,5- އެކްޓިވިޓީ ކަލަންޑަރާ އެއްގޮތަށް ކުޅިވަރު ހަރަކާތްތައް ކުރިއަށް ގެންގޮސް ލިޔެކިޔުންތައް ބަލަހައްޓާ,ކުޅިވަރު ހަރަކާތްތައް  ސްކޫލުގައި ހިންގުން,5.8.2.3,ކޯކަރިކިޔުލަރ ހަރަކާތްތައް ހިންގުން,5.8.2,ފެންވަރު 5.8: ޞިއްޙަތާއި ކުޅިވަރު ހަރަކާތްތައް ކުރިއަށް ގެންދިއުން
672,"1- ކޮންމެ ދަރިވަރަކު ވެސް  މަދުވެގެން އެއް ހަރަކާތެއްގައި ބައިވެރިވާކަން ސްކޫލުން ކަށަވަރުކުރޭ
",ކުޅިވަރާއި އެހެނިހެން ހަރަކާތްތަކުގައި ބައިވެރިވުމުގެ ފުރުސަތު ދަރިވަރުންނަަށް ހޯދައިދިނުން,5.8.2.4,ކޯކަރިކިޔުލަރ ހަރަކާތްތައް ހިންގުން,5.8.2,ފެންވަރު 5.8: ޞިއްޙަތާއި ކުޅިވަރު ހަރަކާތްތައް ކުރިއަށް ގެންދިއުން
673,2- ސުކޫލުގައި ހިންގާ ތަފާތު ހަރަކާތްތަކުގައި ބައިވެރިވުމުގެ ފުރުޞަތު ދަރިވަރުންނަށް ދޭ ,ކުޅިވަރާއި އެހެނިހެން ހަރަކާތްތަކުގައި ބައިވެރިވުމުގެ ފުރުސަތު ދަރިވަރުންނަަށް ހޯދައިދިނުން,5.8.2.4,ކޯކަރިކިޔުލަރ ހަރަކާތްތައް ހިންގުން,5.8.2,ފެންވަރު 5.8: ޞިއްޙަތާއި ކުޅިވަރު ހަރަކާތްތައް ކުރިއަށް ގެންދިއުން
674,3- ސްކޫލުން ބޭރުން ލިބެން ހުންނަ ފުރުޞަތުތައް ދަރިވަރުންނަށް ތަނަވަސްކޮށްދޭ,ކުޅިވަރާއި އެހެނިހެން ހަރަކާތްތަކުގައި ބައިވެރިވުމުގެ ފުރުސަތު ދަރިވަރުންނަަށް ހޯދައިދިނުން,5.8.2.4,ކޯކަރިކިޔުލަރ ހަރަކާތްތައް ހިންގުން,5.8.2,ފެންވަރު 5.8: ޞިއްޙަތާއި ކުޅިވަރު ހަރަކާތްތައް ކުރިއަށް ގެންދިއުން
676,1- ސްކޫލުގައި ހުރި ހުރިހައި ނަގުދު ފައިސާއާއި ބޭންކް ޗެކްތައް ތިޖޫރީގައި ރައްކާކުރޭ,ތިޖޫޫރީ ބެލެހެއްޓުން,5.9.1.1,ތިޖޫރީއާ ގުޅޭ ކަންކަން އުސޫލުތަކާ އެއްގޮތަށް ބެލެހެއްޓުން,5.9.1,ފެންވަރު 5.9: ބަޖެޓާ ގުޅޭ ކަންކަން ބެލެހެއްޓުން
677,2- ތިޖޫރީގައި ބަހައްޓާ ފައިސާ، މަހަކު އެއްފަހަރު ބޭންކް އެކައުންޓަށް ޖަމާކުރޭ,ތިޖޫޫރީ ބެލެހެއްޓުން,5.9.1.1,ތިޖޫރީއާ ގުޅޭ ކަންކަން އުސޫލުތަކާ އެއްގޮތަށް ބެލެހެއްޓުން,5.9.1,ފެންވަރު 5.9: ބަޖެޓާ ގުޅޭ ކަންކަން ބެލެހެއްޓުން
678,3- ތިޖޫރީގެ ތަޅުދަނޑި ރައްކާތެރިކަމާއެކު ބަލަހައްޓާ,ތިޖޫޫރީ ބެލެހެއްޓުން,5.9.1.1,ތިޖޫރީއާ ގުޅޭ ކަންކަން އުސޫލުތަކާ އެއްގޮތަށް ބެލެހެއްޓުން,5.9.1,ފެންވަރު 5.9: ބަޖެޓާ ގުޅޭ ކަންކަން ބެލެހެއްޓުން
679,"1- ތިޖޫރީގައި ބަހައްޓާ ފައިސާގެ މަޢުލޫމާތު ""ތިޖޫރި ބާކީ ފޮތުން"" އަދާހަމަކުރަމުން ދޭ",ތިޖޫރީއާ ގުޅޭ ކަންކަމުގެ ލިޔެކިޔުންތައް ބެލެހެއްޓުން,5.9.1.2,ތިޖޫރީއާ ގުޅޭ ކަންކަން އުސޫލުތަކާ އެއްގޮތަށް ބެލެހެއްޓުން,5.9.1,ފެންވަރު 5.9: ބަޖެޓާ ގުޅޭ ކަންކަން ބެލެހެއްޓުން
680,2- މަހަކު އެއްފަހަރު  ތިޖޫރީ ރިޕޯޓު ތައްޔާރުކުރޭ,ތިޖޫރީއާ ގުޅޭ ކަންކަމުގެ ލިޔެކިޔުންތައް ބެލެހެއްޓުން,5.9.1.2,ތިޖޫރީއާ ގުޅޭ ކަންކަން އުސޫލުތަކާ އެއްގޮތަށް ބެލެހެއްޓުން,5.9.1,ފެންވަރު 5.9: ބަޖެޓާ ގުޅޭ ކަންކަން ބެލެހެއްޓުން
681,3- ތިޖޫރީ ރިޕޯޓުތައް މިނިސްޓްރީ އޮފް އެޑިޔުކޭޝަނަށް/ފިނޭންސް މިނިސްޓްރީއަށް ފޮނުވާ,ތިޖޫރީއާ ގުޅޭ ކަންކަމުގެ ލިޔެކިޔުންތައް ބެލެހެއްޓުން,5.9.1.2,ތިޖޫރީއާ ގުޅޭ ކަންކަން އުސޫލުތަކާ އެއްގޮތަށް ބެލެހެއްޓުން,5.9.1,ފެންވަރު 5.9: ބަޖެޓާ ގުޅޭ ކަންކަން ބެލެހެއްޓުން
682,1- ފައިސާ ބަލައިގަތުމުގައި ރަސީދު ތައްޔާރުކުރޭ,ފައިސާ ބަލައިގަތުމުގައި ރަސީދު ބޭނުންކުރުން,5.9.2.1,  ފައިސާ ބަލައިގަތުން,5.9.2,ފެންވަރު 5.9: ބަޖެޓާ ގުޅޭ ކަންކަން ބެލެހެއްޓުން
683,"2- ރަސީދުތަކުގެ ނަންބަރު ތަރުތީބުން ""ލިބޭ ފައިސާގެ ފޮތަށް"" އަރުވާ",ފައިސާ ބަލައިގަތުމުގައި ރަސީދު ބޭނުންކުރުން,5.9.2.1,  ފައިސާ ބަލައިގަތުން,5.9.2,ފެންވަރު 5.9: ބަޖެޓާ ގުޅޭ ކަންކަން ބެލެހެއްޓުން
684,3- ފައިސާ ބަލައިގަތުމަށް ފަހު ރަސީދު ދޫކުރޭ,ފައިސާ ބަލައިގަތުމުގައި ރަސީދު ބޭނުންކުރުން,5.9.2.1,  ފައިސާ ބަލައިގަތުން,5.9.2,ފެންވަރު 5.9: ބަޖެޓާ ގުޅޭ ކަންކަން ބެލެހެއްޓުން
685,1- ބަނޑޭރި ޕޭ އަށް މުވައްޒަފުން އަހުލުވެރިކުރުވާ,ބަނޑޭރި ޕޭ އިން ފައިސާ ބަލައިގަތުން,5.9.2.2,  ފައިސާ ބަލައިގަތުން,5.9.2,ފެންވަރު 5.9: ބަޖެޓާ ގުޅޭ ކަންކަން ބެލެހެއްޓުން
686,2- ބަނޑޭރި ޕޭ އިން ސްކޫލަށް ލިބޭ އާމްދަނީ ފައިސާ ބަލައިގަނޭ,ބަނޑޭރި ޕޭ އިން ފައިސާ ބަލައިގަތުން,5.9.2.2,  ފައިސާ ބަލައިގަތުން,5.9.2,ފެންވަރު 5.9: ބަޖެޓާ ގުޅޭ ކަންކަން ބެލެހެއްޓުން
687,3- ބަނޑޭރި ޕޭ ރިޕޯޓާއި ޖާރނަލް ވައުޗަރ މިނިސްޓްރީގެ ފައިނޭންސް ޑިވިޜަނަށް ފޮނުވާ (ހަމައެކަނި މާލޭ ސުކޫޅްސް),ބަނޑޭރި ޕޭ އިން ފައިސާ ބަލައިގަތުން,5.9.2.2,  ފައިސާ ބަލައިގަތުން,5.9.2,ފެންވަރު 5.9: ބަޖެޓާ ގުޅޭ ކަންކަން ބެލެހެއްޓުން
688,1- ޕީޓީއޭގެ ހަރަކާތްތަކުން ސްކޫލަށް ލިބޭ ފައިސާ އެކައުންޓަށް ޖަމާކުރޭ,އެހެނިހެން ފައިސާ ބަލައިގަތުމާއި  އެކައުންޓަށް ޖަމާކުރުން,5.9.2.3,  ފައިސާ ބަލައިގަތުން,5.9.2,ފެންވަރު 5.9: ބަޖެޓާ ގުޅޭ ކަންކަން ބެލެހެއްޓުން
689,2- އެކިއެކި ހަރަކާތްތަކުން ސްކޫލަށް ލިބޭ ފައިސާ  އެކައުންޓަށް ޖަމާކުރޭ,އެހެނިހެން ފައިސާ ބަލައިގަތުމާއި  އެކައުންޓަށް ޖަމާކުރުން,5.9.2.3,  ފައިސާ ބަލައިގަތުން,5.9.2,ފެންވަރު 5.9: ބަޖެޓާ ގުޅޭ ކަންކަން ބެލެހެއްޓުން
690,3- އެހީގެ ގޮތުގައި ސްކޫލަށް ލިބޭ ފައިސާ  އެކައުންޓަށް ޖަމާކުރޭ,އެހެނިހެން ފައިސާ ބަލައިގަތުމާއި  އެކައުންޓަށް ޖަމާކުރުން,5.9.2.3,  ފައިސާ ބަލައިގަތުން,5.9.2,ފެންވަރު 5.9: ބަޖެޓާ ގުޅޭ ކަންކަން ބެލެހެއްޓުން
691,1- ކަނޑައަޅައިފައިވާ މުވައްޒަފަށް އެކަނި ބޭނުންކުރެވޭ ގޮތަށް، ރައްކާތެރިކަމާއެކު ސްޓޮކު ބަލަހައްޓާ,އުސޫލުތަކާ އެއްގޮތަށް ސްޓޮކް ބެލެހެއްޓުން,5.9.3.1,ސްޓޮކް ބެލެހެއްޓުން,5.9.3,ފެންވަރު 5.9: ބަޖެޓާ ގުޅޭ ކަންކަން ބެލެހެއްޓުން
692,2- ފޯމަކުން ނުވަތަ ފޮތުގައި ލިޔެގެން އެކަމަށް ހުއްދަ ލިޔުމުން ލިބިގެން ސްޓޮކުން މުދާ ދޫކުރޭ,އުސޫލުތަކާ އެއްގޮތަށް ސްޓޮކް ބެލެހެއްޓުން,5.9.3.1,ސްޓޮކް ބެލެހެއްޓުން,5.9.3,ފެންވަރު 5.9: ބަޖެޓާ ގުޅޭ ކަންކަން ބެލެހެއްޓުން
693,3- ސްޓޮކަށް ވައްދަންޖެހޭ ހުރިހައި ތަކެތި ދުވަހުން ދުވަހަށް ސްޓޮކަށް ވައްދައި، ސްޓޮކުގެ ބާކީ ބަލަހައްޓާ,އުސޫލުތަކާ އެއްގޮތަށް ސްޓޮކް ބެލެހެއްޓުން,5.9.3.1,ސްޓޮކް ބެލެހެއްޓުން,5.9.3,ފެންވަރު 5.9: ބަޖެޓާ ގުޅޭ ކަންކަން ބެލެހެއްޓުން
590,4- ސްޓޮކުން ފަސޭހައިން ތަކެތި ލިބޭނެ އިންތިޒާމު ހަމަޖައްސައިފައި ވޭ,އުސޫލުތަކާ އެއްގޮތަށް ސްޓޮކް ބެލެހެއްޓުން,5.9.3.1,ސްޓޮކް ބެލެހެއްޓުން,5.9.3,ފެންވަރު 5.9: ބަޖެޓާ ގުޅޭ ކަންކަން ބެލެހެއްޓުން
694,1- މުސާރައާ ގުޅޭ ލިޔެކިޔުންތައް (ޙާޟިރީ ރިޕޯޓު،މުސާރަ ޝީޓު، އިތުރު ގަޑީގެ ރިޕޯޓު، ގަޑީ ލާރީގެ ރިޕޯޓު، ކްރެޑިޓް ސްކީމްތަކުގެ ރިޕޯޓު) ފުރިހަމަކުރޭ,މުސާރަ ވައުޗަރާއެކު ހުންނަންޖެހޭ ލިޔެކިއުންތައް އެޓޭޗްކޮށް ފައިލްކުރުން,5.9.4.1,މުސާރަ ވައުޗަރާ ގުޅޭ ލިޔެކިޔުންތައް ބެލެހެއްޓުން,5.9.4,ފެންވަރު 5.9: ބަޖެޓާ ގުޅޭ ކަންކަން ބެލެހެއްޓުން
695,2- ސޮއިކުރަންޖެހޭ ފަރާތްތަކުން ސޮއިކޮށްފައި ވޭ,މުސާރަ ވައުޗަރާއެކު ހުންނަންޖެހޭ ލިޔެކިއުންތައް އެޓޭޗްކޮށް ފައިލްކުރުން,5.9.4.1,މުސާރަ ވައުޗަރާ ގުޅޭ ލިޔެކިޔުންތައް ބެލެހެއްޓުން,5.9.4,ފެންވަރު 5.9: ބަޖެޓާ ގުޅޭ ކަންކަން ބެލެހެއްޓުން
696,3- މުސާރައާ ގުޅޭ ލިޔެކިޔުންތައް ތަރުތީބުކޮށް ފައިލުކުރޭ,މުސާރަ ވައުޗަރާއެކު ހުންނަންޖެހޭ ލިޔެކިއުންތައް އެޓޭޗްކޮށް ފައިލްކުރުން,5.9.4.1,މުސާރަ ވައުޗަރާ ގުޅޭ ލިޔެކިޔުންތައް ބެލެހެއްޓުން,5.9.4,ފެންވަރު 5.9: ބަޖެޓާ ގުޅޭ ކަންކަން ބެލެހެއްޓުން
697,1- އިތުރުގަޑީގެ މަސައްކަތްކުރުމުގެ ކުރިން ސުޕަވައިޒަރުގެ ހުއްދަ ހޯދާ, ޤަވާޢިދާ އެއްގޮތަށް އިތުރު ގަޑީގެ ފައިސާ ދިނުން,5.9.5.1,އިތުރު ގަޑީގެ ފައިސާ ދިނުން,5.9.5,ފެންވަރު 5.9: ބަޖެޓާ ގުޅޭ ކަންކަން ބެލެހެއްޓުން
698,2-  މުސާރައިގެ %10 އަށް ވުރެ އިތުރު ނުވާ ގޮތަށް ކޮންޓްރެކްޓް މުވައްޒަފުންނަށް އިތުރު ގަޑީގެ ފައިސާ ދޭ, ޤަވާޢިދާ އެއްގޮތަށް އިތުރު ގަޑީގެ ފައިސާ ދިނުން,5.9.5.1,އިތުރު ގަޑީގެ ފައިސާ ދިނުން,5.9.5,ފެންވަރު 5.9: ބަޖެޓާ ގުޅޭ ކަންކަން ބެލެހެއްޓުން
699,3- އިތުރު ގަޑީގައި މަސައްކަތްކުރި ގޮތުގެ ރެކޯޑުތައް ބަލަހައްޓާ, ޤަވާޢިދާ އެއްގޮތަށް އިތުރު ގަޑީގެ ފައިސާ ދިނުން,5.9.5.1,އިތުރު ގަޑީގެ ފައިސާ ދިނުން,5.9.5,ފެންވަރު 5.9: ބަޖެޓާ ގުޅޭ ކަންކަން ބެލެހެއްޓުން
700,1- އިންވެންޓްރީ ރަޖިސްޓްރީގައި ރެކޯޑުކުރޭ,ހަރުމުދަލާ ގުޅޭ ކަންކަން ބެލެހެއްޓުން,5.9.6.1,ހަރުމުދަލާއި ނީލަމާ ގުޅޭ ކަންކަން ޤަވާޢިދާ އެއްގޮތަށް ކުރިއަށްގެންދިއުން,5.9.6,ފެންވަރު 5.9: ބަޖެޓާ ގުޅޭ ކަންކަން ބެލެހެއްޓުން
701,2- ހުރިހައި ހަރުމުދަލެއްގައި އިންވެންޓްރީ ކޯޑުޖަހާ އިންވެންޓްރީ އަދާހަމަކުރޭ,ހަރުމުދަލާ ގުޅޭ ކަންކަން ބެލެހެއްޓުން,5.9.6.1,ހަރުމުދަލާއި ނީލަމާ ގުޅޭ ކަންކަން ޤަވާޢިދާ އެއްގޮތަށް ކުރިއަށްގެންދިއުން,5.9.6,ފެންވަރު 5.9: ބަޖެޓާ ގުޅޭ ކަންކަން ބެލެހެއްޓުން
702,3- މިނިސްޓްރީ އޮފް އެޑިޔުކޭޝަންގެ ހުއްދަ ލިޔުމުން ހޯދައިގެން ނީލަން ޕޯޓަލް މެދުވެރިކޮށް ތަކެތި ނީލަންކިޔާ,ހަރުމުދަލާ ގުޅޭ ކަންކަން ބެލެހެއްޓުން,5.9.6.1,ހަރުމުދަލާއި ނީލަމާ ގުޅޭ ކަންކަން ޤަވާޢިދާ އެއްގޮތަށް ކުރިއަށްގެންދިއުން,5.9.6,ފެންވަރު 5.9: ބަޖެޓާ ގުޅޭ ކަންކަން ބެލެހެއްޓުން
703,1- ތިންފަރާތުގެ ކޯޓޭޝަން ހޯދާ,35000ރ. އަށް ވުރެ ދަށުގެ މުދަލާއި ޚިދުމަތް  ޤަވާޢިދާ އެއްގޮތަށް ހޯދުން,5.9.7.1,މުދަލާއި ޚިދުމަތް ހޯދުމާ ގުޅޭ ކަންކަން ޤަވާޢިދާ އެއްގޮތަށް ކުރިއަށްގެންދިއުން,5.9.7,ފެންވަރު 5.9: ބަޖެޓާ ގުޅޭ ކަންކަން ބެލެހެއްޓުން
704,"
2- އެންމެ ކުޑަ އަގެއް ހުށަހެޅި ފަރާތުން މުދަލާއި ޚިދުމަތް ހޯދާ",35000ރ. އަށް ވުރެ ދަށުގެ މުދަލާއި ޚިދުމަތް  ޤަވާޢިދާ އެއްގޮތަށް ހޯދުން,5.9.7.1,މުދަލާއި ޚިދުމަތް ހޯދުމާ ގުޅޭ ކަންކަން ޤަވާޢިދާ އެއްގޮތަށް ކުރިއަށްގެންދިއުން,5.9.7,ފެންވަރު 5.9: ބަޖެޓާ ގުޅޭ ކަންކަން ބެލެހެއްޓުން
705,"
3- ސަރުކާރު ރޭޓަށް ވުރެ އަގު ބޮޑު ނަމަ ފިނޭންސް މިނިސްޓްރީގެ ހުއްދަ ހޯދާ",35000ރ. އަށް ވުރެ ދަށުގެ މުދަލާއި ޚިދުމަތް  ޤަވާޢިދާ އެއްގޮތަށް ހޯދުން,5.9.7.1,މުދަލާއި ޚިދުމަތް ހޯދުމާ ގުޅޭ ކަންކަން ޤަވާޢިދާ އެއްގޮތަށް ކުރިއަށްގެންދިއުން,5.9.7,ފެންވަރު 5.9: ބަޖެޓާ ގުޅޭ ކަންކަން ބެލެހެއްޓުން
706,1- ކެޕިޓަލް/ މަރާމާތު ހުއްދަ ހޯދާ,35000ރ. އަށް ވުރެ މަތީގެ މުދަލާއި ޚިދުމަތް  ޤަވާޢިދާ އެއްގޮތަށް ހޯދުން,5.9.7.2,މުދަލާއި ޚިދުމަތް ހޯދުމާ ގުޅޭ ކަންކަން ޤަވާޢިދާ އެއްގޮތަށް ކުރިއަށްގެންދިއުން,5.9.7,ފެންވަރު 5.9: ބަޖެޓާ ގުޅޭ ކަންކަން ބެލެހެއްޓުން
707,2- މުދަލާ ޚިދުމަތް ހޯދުމަށް އާންމުކޮށް(ގެޒެޓުގައި) އިއުލާނުކުރޭ,35000ރ. އަށް ވުރެ މަތީގެ މުދަލާއި ޚިދުމަތް  ޤަވާޢިދާ އެއްގޮތަށް ހޯދުން,5.9.7.2,މުދަލާއި ޚިދުމަތް ހޯދުމާ ގުޅޭ ކަންކަން ޤަވާޢިދާ އެއްގޮތަށް ކުރިއަށްގެންދިއުން,5.9.7,ފެންވަރު 5.9: ބަޖެޓާ ގުޅޭ ކަންކަން ބެލެހެއްޓުން
708,"
3- މުދަލާ ޚިދުމަތް ހޯދުމުގެ ކުރިން ބިޑު ކޮމިޓީއިން ( ފިނޭންސް މިނިސްޓްރީގައި ރެޖިސްޓަރ ކޮށްފައިވާ) ފާސްކުރޭ",35000ރ. އަށް ވުރެ މަތީގެ މުދަލާއި ޚިދުމަތް  ޤަވާޢިދާ އެއްގޮތަށް ހޯދުން,5.9.7.2,މުދަލާއި ޚިދުމަތް ހޯދުމާ ގުޅޭ ކަންކަން ޤަވާޢިދާ އެއްގޮތަށް ކުރިއަށްގެންދިއުން,5.9.7,ފެންވަރު 5.9: ބަޖެޓާ ގުޅޭ ކަންކަން ބެލެހެއްޓުން
709,4- މުދަލާ ޚިދުމަތް ހޯދުމަށް އެއްބަސްވުން ހަދާ,35000ރ. އަށް ވުރެ މަތީގެ މުދަލާއި ޚިދުމަތް  ޤަވާޢިދާ އެއްގޮތަށް ހޯދުން,5.9.7.2,މުދަލާއި ޚިދުމަތް ހޯދުމާ ގުޅޭ ކަންކަން ޤަވާޢިދާ އެއްގޮތަށް ކުރިއަށްގެންދިއުން,5.9.7,ފެންވަރު 5.9: ބަޖެޓާ ގުޅޭ ކަންކަން ބެލެހެއްޓުން
710,5- އިއުލާންކޮށްގެން ސްކޫލުގައި ކޮށްފައިވާ މަސައްކަތްތަކުގެ ހުރިހައި ލިއެކިއުންތަކެއް ބަލަހައްޓައިފައި ވޭ,35000ރ. އަށް ވުރެ މަތީގެ މުދަލާއި ޚިދުމަތް  ޤަވާޢިދާ އެއްގޮތަށް ހޯދުން,5.9.7.2,މުދަލާއި ޚިދުމަތް ހޯދުމާ ގުޅޭ ކަންކަން ޤަވާޢިދާ އެއްގޮތަށް ކުރިއަށްގެންދިއުން,5.9.7,ފެންވަރު 5.9: ބަޖެޓާ ގުޅޭ ކަންކަން ބެލެހެއްޓުން
711,1- 2000 އާ 35000ރ ދެމެދު ނަމަ މަދުވެގެން 3 ފަރާތެއްގެ ކޯޓޭޝަން ހޯދާ,މާލިއްޔަތު ޤަވާޢިދާ އެއްގޮތަށް ސްކޫލުން ތަންތަން ކުއްޔަށް ހިފުން,5.9.7.3,މުދަލާއި ޚިދުމަތް ހޯދުމާ ގުޅޭ ކަންކަން ޤަވާޢިދާ އެއްގޮތަށް ކުރިއަށްގެންދިއުން,5.9.7,ފެންވަރު 5.9: ބަޖެޓާ ގުޅޭ ކަންކަން ބެލެހެއްޓުން
712,2- 35000ރ އަށް ވުރެ މަތި ނަމަ މިނިސްޓްރީ އޮފް އެޑިއުކޭޝަނުގެ ހުއްދައާއެކު ޢިއުލާނުކުރޭ,މާލިއްޔަތު ޤަވާޢިދާ އެއްގޮތަށް ސްކޫލުން ތަންތަން ކުއްޔަށް ހިފުން,5.9.7.3,މުދަލާއި ޚިދުމަތް ހޯދުމާ ގުޅޭ ކަންކަން ޤަވާޢިދާ އެއްގޮތަށް ކުރިއަށްގެންދިއުން,5.9.7,ފެންވަރު 5.9: ބަޖެޓާ ގުޅޭ ކަންކަން ބެލެހެއްޓުން
713,3- ވެރިފަރާތާއެކު އެއްބަސްވުން ހަދާ,މާލިއްޔަތު ޤަވާޢިދާ އެއްގޮތަށް ސްކޫލުން ތަންތަން ކުއްޔަށް ހިފުން,5.9.7.3,މުދަލާއި ޚިދުމަތް ހޯދުމާ ގުޅޭ ކަންކަން ޤަވާޢިދާ އެއްގޮތަށް ކުރިއަށްގެންދިއުން,5.9.7,ފެންވަރު 5.9: ބަޖެޓާ ގުޅޭ ކަންކަން ބެލެހެއްޓުން
714,1- މަހުން މަހަށް ތައްޔާރުކުރަންޖެހޭ ބަޖެޓު ރިޕޯޓު ތައްޔާރުކުރޭ,ބަަޖެޓު ރިޕޯޓު ތައްޔާރުކުރުން,5.9.8.1,ފައިސާއާ ގުޅޭ ލިޔެކިޔުންތައް އަދާހަމަކޮށް ބެލެހެއްޓުން,5.9.8,ފެންވަރު 5.9: ބަޖެޓާ ގުޅޭ ކަންކަން ބެލެހެއްޓުން
715,2- ބަޖެޓު ރިޕޯޓުގައި (ތައްޔާރުކުރި، ޗެކްކުރި އަދި ހުއްދަ ދެއްވި ވެރިއެއްގެ) ސޮއިކޮށްފައި ވޭ,ބަަޖެޓު ރިޕޯޓު ތައްޔާރުކުރުން,5.9.8.1,ފައިސާއާ ގުޅޭ ލިޔެކިޔުންތައް އަދާހަމަކޮށް ބެލެހެއްޓުން,5.9.8,ފެންވަރު 5.9: ބަޖެޓާ ގުޅޭ ކަންކަން ބެލެހެއްޓުން
716,3- ބަޖެޓް ރިޕޯޓު މަހުން މަހަށް މިނިސްޓްރީއަށް ފޮނުވާ,ބަަޖެޓް ރިޕޯޓު ތައްޔާރުކުރުން,5.9.8.1,ފައިސާއާ ގުޅޭ ލިޔެކިޔުންތައް އަދާހަމަކޮށް ބެލެހެއްޓުން,5.9.8,ފެންވަރު 5.9: ބަޖެޓާ ގުޅޭ ކަންކަން ބެލެހެއްޓުން
717,1- ބަަޖެޓް ރިޕޯޓު ތައްޔާރުކޮށްފައި ވޭ,ރިޕޯޓު ތައްޔާރުކުރުމާއި މިނިސްޓްރީއަށް ފޮނުވުން,5.9.8.2,ފައިސާއާ ގުޅޭ ލިޔެކިޔުންތައް އަދާހަމަކޮށް ބެލެހެއްޓުން,5.9.8,ފެންވަރު 5.9: ބަޖެޓާ ގުޅޭ ކަންކަން ބެލެހެއްޓުން
718,2- ސްކޫލަށް ލިބޭ ފައިސާގެ ރިޕޯޓު ތައްޔާރުކޮށްފައި ވޭ,ރިޕޯޓު ތައްޔާރުކުރުމާއި މިނިސްޓްރީއަށް ފޮނުވުން,5.9.8.2,ފައިސާއާ ގުޅޭ ލިޔެކިޔުންތައް އަދާހަމަކޮށް ބެލެހެއްޓުން,5.9.8,ފެންވަރު 5.9: ބަޖެޓާ ގުޅޭ ކަންކަން ބެލެހެއްޓުން
719,3- ދައުލަތުގެ އާމްދަނީ ރިޕޯޓު ތައްޔާރުކޮށްފައި ވޭ,ރިޕޯޓު ތައްޔާރުކުރުމާއި މިނިސްޓްރީއަށް ފޮނުވުން,5.9.8.2,ފައިސާއާ ގުޅޭ ލިޔެކިޔުންތައް އަދާހަމަކޮށް ބެލެހެއްޓުން,5.9.8,ފެންވަރު 5.9: ބަޖެޓާ ގުޅޭ ކަންކަން ބެލެހެއްޓުން
720,4- ރިޕޯޓުތަކުގައި (ތައްޔާރު ކުރި، ޗެކްކުރި އަދި ހުއްދަ ދެއްވި ވެރިއެއްގެ) ސޮއިކޮށްފައި ވޭ,ރިޕޯޓު ތައްޔާރުކުރުމާއި މިނިސްޓްރީއަށް ފޮނުވުން,5.9.8.2,ފައިސާއާ ގުޅޭ ލިޔެކިޔުންތައް އަދާހަމަކޮށް ބެލެހެއްޓުން,5.9.8,ފެންވަރު 5.9: ބަޖެޓާ ގުޅޭ ކަންކަން ބެލެހެއްޓުން
721,5- ރިޕޯޓުތައް ޤަވާއިދުން މިނިސްޓްރީއަށް ފޮނުވާ,ރިޕޯޓް ތައްޔާރުކުރުމާއި މިނިސްޓްރީއަށް ފޮނުވުން,5.9.8.2,ފައިސާއާ ގުޅޭ ލިޔެކިޔުންތައް އަދާހަމަކޮށް ބެލެހެއްޓުން,5.9.8,ފެންވަރު 5.9: ބަޖެޓާ ގުޅޭ ކަންކަން ބެލެހެއްޓުން
722,"1- ސްކޫލުން ""ބިލް ރަޖިސްޓްރީ"" އާއި ""ޕޭމަންޓް ވައުޗަރު ރަޖިސްޓްރީ"" ބަލަހައްޓާ","ސްކޫލުން ""ބިލް ރަޖިސްޓްރީ""  އާއި ""ޕޭމަންޓް ވައުޗަރު ރަޖިސްޓްރީ""  ބެލެހެއްޓުން",5.9.8.3,ފައިސާއާ ގުޅޭ ލިޔެކިޔުންތައް އަދާހަމަކޮށް ބެލެހެއްޓުން,5.9.8,ފެންވަރު 5.9: ބަޖެޓާ ގުޅޭ ކަންކަން ބެލެހެއްޓުން
723,2- ޕޭމަންޓް ވައުޗަރުތަކުގައި ތަރުތީބުން ވައުޗަރ ނަމްބަރު ޖަހައިފައި ވޭ,"ސްކޫލުން ""ބިލް ރަޖިސްޓްރީ""  އާއި ""ޕޭމަންޓް ވައުޗަރު ރަޖިސްޓްރީ""  ބެލެހެއްޓުން",5.9.8.3,ފައިސާއާ ގުޅޭ ލިޔެކިޔުންތައް އަދާހަމަކޮށް ބެލެހެއްޓުން,5.9.8,ފެންވަރު 5.9: ބަޖެޓާ ގުޅޭ ކަންކަން ބެލެހެއްޓުން
724,3- ޕޭމަންޓް ވައުޗަރުތަކުގައި ސޮއިކުރަންޖެހޭ ހުރިހައި ފަރާތްތަކުން ސޮއި ކޮށްފައިވޭ,"ސްކޫލުން ""ބިލް ރަޖިސްޓްރީ""  އާއި ""ޕޭމަންޓް ވައުޗަރު ރަޖިސްޓްރީ""  ބެލެހެއްޓުން",5.9.8.3,ފައިސާއާ ގުޅޭ ލިޔެކިޔުންތައް އަދާހަމަކޮށް ބެލެހެއްޓުން,5.9.8,ފެންވަރު 5.9: ބަޖެޓާ ގުޅޭ ކަންކަން ބެލެހެއްޓުން
725,1- ސްކޫލުގެ ނަމުގައި ހުޅުވައިފައިވާ ބޭންކް އެކައުންޓުގެ ސްޓޭޓްމަންޓް މަހަކު އެއްފަހަރު ނަގައި، ބޭންކް ރިކޮންސިލިއޭޝަން ސްޓޭޓްމަންޓް ތައްޔާރުކުރޭ,ސްކޫލުގެ ނަމުގައި ހުޅުވާފައިވާ ބޭންކް އެކައުންޓް ބެލެހެއްޓުން,5.9.9.1,ސްކޫލުގެ ނަމުގައި ހުޅުވާފައިވާ ބޭންކް އެކައުންޓް ބެލެހެއްޓުން,5.9.9,ފެންވަރު 5.9: ބަޖެޓާ ގުޅޭ ކަންކަން ބެލެހެއްޓުން
726,2- ބޭންކް އެކައުންޓުގެ ސްޓޭޓްމަންޓާއި ބޭންކް ރިކޮންސިލިއޭޝަން ސްޓޭޓްމަންޓްގައި ތައްޔާރުކުރި، ޗެކްކުރި އަދި އިސް ވެރިއެއްގެ ސޮއިކޮށްފައި ވޭ,ސްކޫލުގެ ނަމުގައި ހުޅުވާފައިވާ ބޭންކް އެކައުންޓް ބެލެހެއްޓުން,5.9.9.1,ސްކޫލުގެ ނަމުގައި ހުޅުވާފައިވާ ބޭންކް އެކައުންޓް ބެލެހެއްޓުން,5.9.9,ފެންވަރު 5.9: ބަޖެޓާ ގުޅޭ ކަންކަން ބެލެހެއްޓުން
727,3- އެކައުންޓް ބާކީ ބަލަހައްޓަމުން ދޭ,ސްކޫލުގެ ނަމުގައި ހުޅުވާފައިވާ ބޭންކް އެކައުންޓް ބެލެހެއްޓުން,5.9.9.1,ސްކޫލުގެ ނަމުގައި ހުޅުވާފައިވާ ބޭންކް އެކައުންޓް ބެލެހެއްޓުން,5.9.9,ފެންވަރު 5.9: ބަޖެޓާ ގުޅޭ ކަންކަން ބެލެހެއްޓުން
728,1- ޚަރަދުކުރުމުގެ ކުރިން ޕީ.ޓީ.އޭ އާ މަޝްވަރާކުރޭ,ޕީ.ޓީ.އޭ ފަންޑުން ޚަރަދުކުރުމުގެ ކުރިން ޕީ.ޓީ.އޭ ގެ ހިންގާ ކޮމެޓީއިން، އެ ޚަރަދުކުރުމަށް ފާސްކުރުވުން,5.9.10.1,ޕީ.ޓީ.އޭ ފަންޑުން ޚަރަދުކުރުން ,5.9.10,ފެންވަރު 5.9: ބަޖެޓާ ގުޅޭ ކަންކަން ބެލެހެއްޓުން
729,2- ޚަރަދުކުރުމުގެ ކުރިން ޕީ.ޓީ.އޭ ގެ ހިންގާ ކޮމެޓީއިން، އެ ޚަރަދުކުރުމަށް ފާސްކޮށްފައި ވޭ,ޕީ.ޓީ.އޭ ފަންޑުން ޚަރަދުކުރުމުގެ ކުރިން ޕީ.ޓީ.އޭ ގެ ހިންގާ ކޮމެޓީއިން، އެ ޚަރަދުކުރުމަށް ފާސްކުރުވުން,5.9.10.1,ޕީ.ޓީ.އޭ ފަންޑުން ޚަރަދުކުރުން ,5.9.10,ފެންވަރު 5.9: ބަޖެޓާ ގުޅޭ ކަންކަން ބެލެހެއްޓުން
730,3- ޚަރަދުކުރުމަށް ޕީ.ޓީ.އޭ ގެ ހިންގާ ކޮމެޓީއިން ފާސްކުރި ޔައުމިއްޔާގައި މެންބަރުން ސޮއިކޮށްފައި ވޭ,ޕީ.ޓީ.އޭ ފަންޑުން ޚަރަދުކުރުމުގެ ކުރިން ޕީ.ޓީ.އޭ ގެ ހިންގާ ކޮމެޓީއިން، އެ ޚަރަދުކުރުމަށް ފާސްކުރުވުން,5.9.10.1,ޕީ.ޓީ.އޭ ފަންޑުން ޚަރަދުކުރުން ,5.9.10,ފެންވަރު 5.9: ބަޖެޓާ ގުޅޭ ކަންކަން ބެލެހެއްޓުން